"","X1","Year","LocationAbbr","LocationDesc","Indicator","Response","Data_Value","High_Confidence_Interval","Low_Confidence_Interval","SampleSize","Break_Out","LocationID","GeoLocation","Break_Out_Category","Break_Out_ID","SortBreakOutID"
"1",4,2014,"AL","Alabama","Adults aged 18+ who have visited a dentist or dental clinic in the past year","Yes",66,71.3,60.7,280,"18-24",1,"(32.84057112200048, -86.63186076199969)","Age","1AGE",4
"2",5,2014,"AL","Alabama","Adults aged 18+ who have visited a dentist or dental clinic in the past year","Yes",57.8,62.3,53.3,435,"25-34",1,"(32.84057112200048, -86.63186076199969)","Age","2AGE",5
"3",6,2014,"AL","Alabama","Adults aged 18+ who have visited a dentist or dental clinic in the past year","Yes",61.4,65.4,57.4,558,"35-44",1,"(32.84057112200048, -86.63186076199969)","Age","3AGE",6
"4",7,2014,"AL","Alabama","Adults aged 18+ who have visited a dentist or dental clinic in the past year","Yes",59.5,62.8,56.2,841,"45-54",1,"(32.84057112200048, -86.63186076199969)","Age","4AGE",7
"5",8,2014,"AL","Alabama","Adults aged 18+ who have visited a dentist or dental clinic in the past year","Yes",59.4,62.4,56.4,1194,"55-64",1,"(32.84057112200048, -86.63186076199969)","Age","5AGE",8
"6",9,2014,"AL","Alabama","Adults aged 18+ who have visited a dentist or dental clinic in the past year","Yes",57.9,60.3,55.5,1835,"65+",1,"(32.84057112200048, -86.63186076199969)","Age","6AGE",9
"7",118,2014,"AK","Alaska","Adults aged 18+ who have visited a dentist or dental clinic in the past year","Yes",65.4,72.1,58.7,154,"18-24",2,"(64.84507995700051, -147.72205903599973)","Age","1AGE",4
"8",119,2014,"AK","Alaska","Adults aged 18+ who have visited a dentist or dental clinic in the past year","Yes",64.3,69.3,59.3,367,"25-34",2,"(64.84507995700051, -147.72205903599973)","Age","2AGE",5
"9",120,2014,"AK","Alaska","Adults aged 18+ who have visited a dentist or dental clinic in the past year","Yes",57.7,63.1,52.3,419,"35-44",2,"(64.84507995700051, -147.72205903599973)","Age","3AGE",6
"10",121,2014,"AK","Alaska","Adults aged 18+ who have visited a dentist or dental clinic in the past year","Yes",65.3,69.4,61.2,581,"45-54",2,"(64.84507995700051, -147.72205903599973)","Age","4AGE",7
"11",122,2014,"AK","Alaska","Adults aged 18+ who have visited a dentist or dental clinic in the past year","Yes",68.9,72.9,64.9,736,"55-64",2,"(64.84507995700051, -147.72205903599973)","Age","5AGE",8
"12",123,2014,"AK","Alaska","Adults aged 18+ who have visited a dentist or dental clinic in the past year","Yes",64.5,68.7,60.3,664,"65+",2,"(64.84507995700051, -147.72205903599973)","Age","6AGE",9
"13",232,2014,"AZ","Arizona","Adults aged 18+ who have visited a dentist or dental clinic in the past year","Yes",56.8,62.1,51.5,283,"18-24",4,"(34.865970280000454, -111.76381127699972)","Age","1AGE",4
"14",233,2014,"AZ","Arizona","Adults aged 18+ who have visited a dentist or dental clinic in the past year","Yes",51.6,55.8,47.4,508,"25-34",4,"(34.865970280000454, -111.76381127699972)","Age","2AGE",5
"15",234,2014,"AZ","Arizona","Adults aged 18+ who have visited a dentist or dental clinic in the past year","Yes",57.2,60.8,53.6,910,"35-44",4,"(34.865970280000454, -111.76381127699972)","Age","3AGE",6
"16",235,2014,"AZ","Arizona","Adults aged 18+ who have visited a dentist or dental clinic in the past year","Yes",59.2,62.1,56.3,1334,"45-54",4,"(34.865970280000454, -111.76381127699972)","Age","4AGE",7
"17",236,2014,"AZ","Arizona","Adults aged 18+ who have visited a dentist or dental clinic in the past year","Yes",62.7,65.2,60.2,2184,"55-64",4,"(34.865970280000454, -111.76381127699972)","Age","5AGE",8
"18",237,2014,"AZ","Arizona","Adults aged 18+ who have visited a dentist or dental clinic in the past year","Yes",65.3,67,63.6,4433,"65+",4,"(34.865970280000454, -111.76381127699972)","Age","6AGE",9
"19",347,2014,"AR","Arkansas","Adults aged 18+ who have visited a dentist or dental clinic in the past year","Yes",67.4,75.3,59.5,110,"18-24",5,"(34.74865012400045, -92.27449074299966)","Age","1AGE",4
"20",348,2014,"AR","Arkansas","Adults aged 18+ who have visited a dentist or dental clinic in the past year","Yes",54.3,60.5,48.1,199,"25-34",5,"(34.74865012400045, -92.27449074299966)","Age","2AGE",5
"21",349,2014,"AR","Arkansas","Adults aged 18+ who have visited a dentist or dental clinic in the past year","Yes",55.8,61.9,49.7,265,"35-44",5,"(34.74865012400045, -92.27449074299966)","Age","3AGE",6
"22",350,2014,"AR","Arkansas","Adults aged 18+ who have visited a dentist or dental clinic in the past year","Yes",55.8,60.6,51,414,"45-54",5,"(34.74865012400045, -92.27449074299966)","Age","4AGE",7
"23",351,2014,"AR","Arkansas","Adults aged 18+ who have visited a dentist or dental clinic in the past year","Yes",58.3,62.1,54.5,695,"55-64",5,"(34.74865012400045, -92.27449074299966)","Age","5AGE",8
"24",352,2014,"AR","Arkansas","Adults aged 18+ who have visited a dentist or dental clinic in the past year","Yes",54.5,57.3,51.7,1364,"65+",5,"(34.74865012400045, -92.27449074299966)","Age","6AGE",9
"25",461,2014,"CA","California","Adults aged 18+ who have visited a dentist or dental clinic in the past year","Yes",70.3,74,66.6,539,"18-24",6,"(37.63864012300047, -120.99999953799971)","Age","1AGE",4
"26",462,2014,"CA","California","Adults aged 18+ who have visited a dentist or dental clinic in the past year","Yes",55.4,58.7,52.1,755,"25-34",6,"(37.63864012300047, -120.99999953799971)","Age","2AGE",5
"27",463,2014,"CA","California","Adults aged 18+ who have visited a dentist or dental clinic in the past year","Yes",61.7,65,58.4,810,"35-44",6,"(37.63864012300047, -120.99999953799971)","Age","3AGE",6
"28",464,2014,"CA","California","Adults aged 18+ who have visited a dentist or dental clinic in the past year","Yes",67.3,70.3,64.3,1031,"45-54",6,"(37.63864012300047, -120.99999953799971)","Age","4AGE",7
"29",465,2014,"CA","California","Adults aged 18+ who have visited a dentist or dental clinic in the past year","Yes",66.8,69.8,63.8,1200,"55-64",6,"(37.63864012300047, -120.99999953799971)","Age","5AGE",8
"30",466,2014,"CA","California","Adults aged 18+ who have visited a dentist or dental clinic in the past year","Yes",71.3,73.8,68.8,1642,"65+",6,"(37.63864012300047, -120.99999953799971)","Age","6AGE",9
"31",575,2014,"CO","Colorado","Adults aged 18+ who have visited a dentist or dental clinic in the past year","Yes",70.4,74.3,66.5,448,"18-24",8,"(38.843840757000464, -106.13361092099967)","Age","1AGE",4
"32",576,2014,"CO","Colorado","Adults aged 18+ who have visited a dentist or dental clinic in the past year","Yes",58.5,61.5,55.5,756,"25-34",8,"(38.843840757000464, -106.13361092099967)","Age","2AGE",5
"33",577,2014,"CO","Colorado","Adults aged 18+ who have visited a dentist or dental clinic in the past year","Yes",65.4,68,62.8,1192,"35-44",8,"(38.843840757000464, -106.13361092099967)","Age","3AGE",6
"34",578,2014,"CO","Colorado","Adults aged 18+ who have visited a dentist or dental clinic in the past year","Yes",68,70.3,65.7,1559,"45-54",8,"(38.843840757000464, -106.13361092099967)","Age","4AGE",7
"35",579,2014,"CO","Colorado","Adults aged 18+ who have visited a dentist or dental clinic in the past year","Yes",70.8,72.8,68.8,2259,"55-64",8,"(38.843840757000464, -106.13361092099967)","Age","5AGE",8
"36",580,2014,"CO","Colorado","Adults aged 18+ who have visited a dentist or dental clinic in the past year","Yes",70.9,72.6,69.2,3020,"65+",8,"(38.843840757000464, -106.13361092099967)","Age","6AGE",9
"37",690,2014,"CT","Connecticut","Adults aged 18+ who have visited a dentist or dental clinic in the past year","Yes",76.9,81.9,71.9,253,"18-24",9,"(41.56266102000046, -72.64984095199964)","Age","1AGE",4
"38",691,2014,"CT","Connecticut","Adults aged 18+ who have visited a dentist or dental clinic in the past year","Yes",67.3,71.7,62.9,448,"25-34",9,"(41.56266102000046, -72.64984095199964)","Age","2AGE",5
"39",692,2014,"CT","Connecticut","Adults aged 18+ who have visited a dentist or dental clinic in the past year","Yes",76,79.6,72.4,714,"35-44",9,"(41.56266102000046, -72.64984095199964)","Age","3AGE",6
"40",693,2014,"CT","Connecticut","Adults aged 18+ who have visited a dentist or dental clinic in the past year","Yes",75,77.8,72.2,1188,"45-54",9,"(41.56266102000046, -72.64984095199964)","Age","4AGE",7
"41",694,2014,"CT","Connecticut","Adults aged 18+ who have visited a dentist or dental clinic in the past year","Yes",78.9,81.6,76.2,1541,"55-64",9,"(41.56266102000046, -72.64984095199964)","Age","5AGE",8
"42",695,2014,"CT","Connecticut","Adults aged 18+ who have visited a dentist or dental clinic in the past year","Yes",75.1,77.5,72.7,2049,"65+",9,"(41.56266102000046, -72.64984095199964)","Age","6AGE",9
"43",740,2014,"DE","Delaware","Adults aged 18+ who have visited a dentist or dental clinic in the past year","Yes",69.7,72.8,66.6,1089,"65+",10,"(39.008830667000495, -75.57774116799965)","Age","6AGE",9
"44",804,2014,"DE","Delaware","Adults aged 18+ who have visited a dentist or dental clinic in the past year","Yes",75,82.4,67.6,124,"18-24",10,"(39.008830667000495, -75.57774116799965)","Age","1AGE",4
"45",805,2014,"DE","Delaware","Adults aged 18+ who have visited a dentist or dental clinic in the past year","Yes",52.4,58.9,45.9,197,"25-34",10,"(39.008830667000495, -75.57774116799965)","Age","2AGE",5
"46",806,2014,"DE","Delaware","Adults aged 18+ who have visited a dentist or dental clinic in the past year","Yes",65.8,71.2,60.4,279,"35-44",10,"(39.008830667000495, -75.57774116799965)","Age","3AGE",6
"47",807,2014,"DE","Delaware","Adults aged 18+ who have visited a dentist or dental clinic in the past year","Yes",67.1,71.6,62.6,491,"45-54",10,"(39.008830667000495, -75.57774116799965)","Age","4AGE",7
"48",808,2014,"DE","Delaware","Adults aged 18+ who have visited a dentist or dental clinic in the past year","Yes",70.1,73.8,66.4,714,"55-64",10,"(39.008830667000495, -75.57774116799965)","Age","5AGE",8
"49",916,2014,"DC","District Columbia","Adults aged 18+ who have visited a dentist or dental clinic in the past year","Yes",74.5,83.5,65.5,90,"18-24",11,"(38.89037138500049, -77.03196112699965)","Age","1AGE",4
"50",917,2014,"DC","District Columbia","Adults aged 18+ who have visited a dentist or dental clinic in the past year","Yes",72.8,78.6,67,259,"25-34",11,"(38.89037138500049, -77.03196112699965)","Age","2AGE",5
"51",918,2014,"DC","District Columbia","Adults aged 18+ who have visited a dentist or dental clinic in the past year","Yes",71.1,77.5,64.7,336,"35-44",11,"(38.89037138500049, -77.03196112699965)","Age","3AGE",6
"52",919,2014,"DC","District Columbia","Adults aged 18+ who have visited a dentist or dental clinic in the past year","Yes",71.3,76.7,65.9,500,"45-54",11,"(38.89037138500049, -77.03196112699965)","Age","4AGE",7
"53",920,2014,"DC","District Columbia","Adults aged 18+ who have visited a dentist or dental clinic in the past year","Yes",68.4,73.2,63.6,711,"55-64",11,"(38.89037138500049, -77.03196112699965)","Age","5AGE",8
"54",921,2014,"DC","District Columbia","Adults aged 18+ who have visited a dentist or dental clinic in the past year","Yes",65.1,68.8,61.4,1107,"65+",11,"(38.89037138500049, -77.03196112699965)","Age","6AGE",9
"55",969,2014,"FL","Florida","Adults aged 18+ who have visited a dentist or dental clinic in the past year","Yes",64,66.7,61.3,1318,"55-64",12,"(28.932040377000476, -81.92896053899966)","Age","5AGE",8
"56",1031,2014,"FL","Florida","Adults aged 18+ who have visited a dentist or dental clinic in the past year","Yes",64.5,69.5,59.5,279,"18-24",12,"(28.932040377000476, -81.92896053899966)","Age","1AGE",4
"57",1032,2014,"FL","Florida","Adults aged 18+ who have visited a dentist or dental clinic in the past year","Yes",54.5,58.7,50.3,435,"25-34",12,"(28.932040377000476, -81.92896053899966)","Age","2AGE",5
"58",1033,2014,"FL","Florida","Adults aged 18+ who have visited a dentist or dental clinic in the past year","Yes",60.4,64.4,56.4,565,"35-44",12,"(28.932040377000476, -81.92896053899966)","Age","3AGE",6
"59",1034,2014,"FL","Florida","Adults aged 18+ who have visited a dentist or dental clinic in the past year","Yes",60.4,63.6,57.2,880,"45-54",12,"(28.932040377000476, -81.92896053899966)","Age","4AGE",7
"60",1035,2014,"FL","Florida","Adults aged 18+ who have visited a dentist or dental clinic in the past year","Yes",66.2,68.1,64.3,2998,"65+",12,"(28.932040377000476, -81.92896053899966)","Age","6AGE",9
"61",1144,2014,"GA","Georgia","Adults aged 18+ who have visited a dentist or dental clinic in the past year","Yes",63.9,69.6,58.2,206,"18-24",13,"(32.83968109300048, -83.62758034599966)","Age","1AGE",4
"62",1145,2014,"GA","Georgia","Adults aged 18+ who have visited a dentist or dental clinic in the past year","Yes",50.7,55.6,45.8,306,"25-34",13,"(32.83968109300048, -83.62758034599966)","Age","2AGE",5
"63",1146,2014,"GA","Georgia","Adults aged 18+ who have visited a dentist or dental clinic in the past year","Yes",62.8,67.2,58.4,498,"35-44",13,"(32.83968109300048, -83.62758034599966)","Age","3AGE",6
"64",1147,2014,"GA","Georgia","Adults aged 18+ who have visited a dentist or dental clinic in the past year","Yes",62.6,66.2,59,714,"45-54",13,"(32.83968109300048, -83.62758034599966)","Age","4AGE",7
"65",1148,2014,"GA","Georgia","Adults aged 18+ who have visited a dentist or dental clinic in the past year","Yes",62.2,65.5,58.9,932,"55-64",13,"(32.83968109300048, -83.62758034599966)","Age","5AGE",8
"66",1149,2014,"GA","Georgia","Adults aged 18+ who have visited a dentist or dental clinic in the past year","Yes",62.1,64.8,59.4,1406,"65+",13,"(32.83968109300048, -83.62758034599966)","Age","6AGE",9
"67",1561,2014,"IL","Illinois","Adults aged 18+ who have visited a dentist or dental clinic in the past year","Yes",62.2,65.4,59,1130,"65+",17,"(40.48501028300046, -88.99771017799969)","Age","6AGE",9
"68",1601,2014,"IL","Illinois","Adults aged 18+ who have visited a dentist or dental clinic in the past year","Yes",66.8,72.6,61,226,"18-24",17,"(40.48501028300046, -88.99771017799969)","Age","1AGE",4
"69",1602,2014,"IL","Illinois","Adults aged 18+ who have visited a dentist or dental clinic in the past year","Yes",59.5,64.7,54.3,323,"25-34",17,"(40.48501028300046, -88.99771017799969)","Age","2AGE",5
"70",1603,2014,"IL","Illinois","Adults aged 18+ who have visited a dentist or dental clinic in the past year","Yes",60.7,65.5,55.9,420,"35-44",17,"(40.48501028300046, -88.99771017799969)","Age","3AGE",6
"71",1604,2014,"IL","Illinois","Adults aged 18+ who have visited a dentist or dental clinic in the past year","Yes",67.8,71.7,63.9,653,"45-54",17,"(40.48501028300046, -88.99771017799969)","Age","4AGE",7
"72",1605,2014,"IL","Illinois","Adults aged 18+ who have visited a dentist or dental clinic in the past year","Yes",67.3,71.1,63.5,742,"55-64",17,"(40.48501028300046, -88.99771017799969)","Age","5AGE",8
"73",1714,2014,"IN","Indiana","Adults aged 18+ who have visited a dentist or dental clinic in the past year","Yes",60.6,65,56.2,352,"18-24",18,"(39.766910452000445, -86.14996019399968)","Age","1AGE",4
"74",1715,2014,"IN","Indiana","Adults aged 18+ who have visited a dentist or dental clinic in the past year","Yes",54.9,58.7,51.1,510,"25-34",18,"(39.766910452000445, -86.14996019399968)","Age","2AGE",5
"75",1716,2014,"IN","Indiana","Adults aged 18+ who have visited a dentist or dental clinic in the past year","Yes",62.2,65.5,58.9,854,"35-44",18,"(39.766910452000445, -86.14996019399968)","Age","3AGE",6
"76",1717,2014,"IN","Indiana","Adults aged 18+ who have visited a dentist or dental clinic in the past year","Yes",63.9,66.5,61.3,1299,"45-54",18,"(39.766910452000445, -86.14996019399968)","Age","4AGE",7
"77",1718,2014,"IN","Indiana","Adults aged 18+ who have visited a dentist or dental clinic in the past year","Yes",66.8,69,64.6,1887,"55-64",18,"(39.766910452000445, -86.14996019399968)","Age","5AGE",8
"78",1719,2014,"IN","Indiana","Adults aged 18+ who have visited a dentist or dental clinic in the past year","Yes",60.5,62.5,58.5,2653,"65+",18,"(39.766910452000445, -86.14996019399968)","Age","6AGE",9
"79",1828,2014,"IA","Iowa","Adults aged 18+ who have visited a dentist or dental clinic in the past year","Yes",71.1,76,66.2,271,"18-24",19,"(42.46940091300047, -93.81649055599968)","Age","1AGE",4
"80",1829,2014,"IA","Iowa","Adults aged 18+ who have visited a dentist or dental clinic in the past year","Yes",62.9,67,58.8,446,"25-34",19,"(42.46940091300047, -93.81649055599968)","Age","2AGE",5
"81",1830,2014,"IA","Iowa","Adults aged 18+ who have visited a dentist or dental clinic in the past year","Yes",69.6,73.2,66,665,"35-44",19,"(42.46940091300047, -93.81649055599968)","Age","3AGE",6
"82",1831,2014,"IA","Iowa","Adults aged 18+ who have visited a dentist or dental clinic in the past year","Yes",69.8,72.7,66.9,974,"45-54",19,"(42.46940091300047, -93.81649055599968)","Age","4AGE",7
"83",1832,2014,"IA","Iowa","Adults aged 18+ who have visited a dentist or dental clinic in the past year","Yes",73,75.5,70.5,1368,"55-64",19,"(42.46940091300047, -93.81649055599968)","Age","5AGE",8
"84",1833,2014,"IA","Iowa","Adults aged 18+ who have visited a dentist or dental clinic in the past year","Yes",70,72,68,2090,"65+",19,"(42.46940091300047, -93.81649055599968)","Age","6AGE",9
"85",1942,2014,"KS","Kansas","Adults aged 18+ who have visited a dentist or dental clinic in the past year","Yes",70.5,73.9,67.1,588,"18-24",20,"(38.34774030000045, -98.20078122699965)","Age","1AGE",4
"86",1943,2014,"KS","Kansas","Adults aged 18+ who have visited a dentist or dental clinic in the past year","Yes",61.9,64.7,59.1,915,"25-34",20,"(38.34774030000045, -98.20078122699965)","Age","2AGE",5
"87",1944,2014,"KS","Kansas","Adults aged 18+ who have visited a dentist or dental clinic in the past year","Yes",65.9,68.6,63.2,1108,"35-44",20,"(38.34774030000045, -98.20078122699965)","Age","3AGE",6
"88",1945,2014,"KS","Kansas","Adults aged 18+ who have visited a dentist or dental clinic in the past year","Yes",69.1,71.3,66.9,1589,"45-54",20,"(38.34774030000045, -98.20078122699965)","Age","4AGE",7
"89",1946,2014,"KS","Kansas","Adults aged 18+ who have visited a dentist or dental clinic in the past year","Yes",70.4,72.3,68.5,2227,"55-64",20,"(38.34774030000045, -98.20078122699965)","Age","5AGE",8
"90",1947,2014,"KS","Kansas","Adults aged 18+ who have visited a dentist or dental clinic in the past year","Yes",66.7,68.3,65.1,3050,"65+",20,"(38.34774030000045, -98.20078122699965)","Age","6AGE",9
"91",2056,2014,"KY","Kentucky","Adults aged 18+ who have visited a dentist or dental clinic in the past year","Yes",68.7,74.1,63.3,292,"18-24",21,"(37.645970271000465, -84.77497104799966)","Age","1AGE",4
"92",2057,2014,"KY","Kentucky","Adults aged 18+ who have visited a dentist or dental clinic in the past year","Yes",62.1,66.8,57.4,520,"25-34",21,"(37.645970271000465, -84.77497104799966)","Age","2AGE",5
"93",2058,2014,"KY","Kentucky","Adults aged 18+ who have visited a dentist or dental clinic in the past year","Yes",59.2,63.3,55.1,774,"35-44",21,"(37.645970271000465, -84.77497104799966)","Age","3AGE",6
"94",2059,2014,"KY","Kentucky","Adults aged 18+ who have visited a dentist or dental clinic in the past year","Yes",60.4,63.8,57,1244,"45-54",21,"(37.645970271000465, -84.77497104799966)","Age","4AGE",7
"95",2060,2014,"KY","Kentucky","Adults aged 18+ who have visited a dentist or dental clinic in the past year","Yes",61.2,64,58.4,1725,"55-64",21,"(37.645970271000465, -84.77497104799966)","Age","5AGE",8
"96",2061,2014,"KY","Kentucky","Adults aged 18+ who have visited a dentist or dental clinic in the past year","Yes",57,59.5,54.5,2262,"65+",21,"(37.645970271000465, -84.77497104799966)","Age","6AGE",9
"97",2170,2014,"LA","Louisiana","Adults aged 18+ who have visited a dentist or dental clinic in the past year","Yes",64.4,69.8,59,270,"18-24",22,"(31.31266064400046, -92.44568007099969)","Age","1AGE",4
"98",2171,2014,"LA","Louisiana","Adults aged 18+ who have visited a dentist or dental clinic in the past year","Yes",55.1,59.2,51,433,"25-34",22,"(31.31266064400046, -92.44568007099969)","Age","2AGE",5
"99",2172,2014,"LA","Louisiana","Adults aged 18+ who have visited a dentist or dental clinic in the past year","Yes",58.9,63,54.8,489,"35-44",22,"(31.31266064400046, -92.44568007099969)","Age","3AGE",6
"100",2173,2014,"LA","Louisiana","Adults aged 18+ who have visited a dentist or dental clinic in the past year","Yes",57.3,60.6,54,712,"45-54",22,"(31.31266064400046, -92.44568007099969)","Age","4AGE",7
"101",2174,2014,"LA","Louisiana","Adults aged 18+ who have visited a dentist or dental clinic in the past year","Yes",58.6,61.5,55.7,907,"55-64",22,"(31.31266064400046, -92.44568007099969)","Age","5AGE",8
"102",2175,2014,"LA","Louisiana","Adults aged 18+ who have visited a dentist or dental clinic in the past year","Yes",57.2,59.8,54.6,1211,"65+",22,"(31.31266064400046, -92.44568007099969)","Age","6AGE",9
"103",2284,2014,"ME","Maine","Adults aged 18+ who have visited a dentist or dental clinic in the past year","Yes",65.2,70.9,59.5,238,"18-24",23,"(45.254228894000505, -68.98503133599962)","Age","1AGE",4
"104",2285,2014,"ME","Maine","Adults aged 18+ who have visited a dentist or dental clinic in the past year","Yes",51.5,56.2,46.8,354,"25-34",23,"(45.254228894000505, -68.98503133599962)","Age","2AGE",5
"105",2286,2014,"ME","Maine","Adults aged 18+ who have visited a dentist or dental clinic in the past year","Yes",59.3,63.2,55.4,579,"35-44",23,"(45.254228894000505, -68.98503133599962)","Age","3AGE",6
"106",2287,2014,"ME","Maine","Adults aged 18+ who have visited a dentist or dental clinic in the past year","Yes",65.9,68.9,62.9,1085,"45-54",23,"(45.254228894000505, -68.98503133599962)","Age","4AGE",7
"107",2288,2014,"ME","Maine","Adults aged 18+ who have visited a dentist or dental clinic in the past year","Yes",68.1,70.6,65.6,1592,"55-64",23,"(45.254228894000505, -68.98503133599962)","Age","5AGE",8
"108",2289,2014,"ME","Maine","Adults aged 18+ who have visited a dentist or dental clinic in the past year","Yes",67.4,69.4,65.4,2306,"65+",23,"(45.254228894000505, -68.98503133599962)","Age","6AGE",9
"109",2398,2014,"MD","Maryland","Adults aged 18+ who have visited a dentist or dental clinic in the past year","Yes",76,81.5,70.5,268,"18-24",24,"(39.29058096400047, -76.60926011099963)","Age","1AGE",4
"110",2399,2014,"MD","Maryland","Adults aged 18+ who have visited a dentist or dental clinic in the past year","Yes",60.8,65.9,55.7,505,"25-34",24,"(39.29058096400047, -76.60926011099963)","Age","2AGE",5
"111",2400,2014,"MD","Maryland","Adults aged 18+ who have visited a dentist or dental clinic in the past year","Yes",65.1,69.3,60.9,1081,"35-44",24,"(39.29058096400047, -76.60926011099963)","Age","3AGE",6
"112",2401,2014,"MD","Maryland","Adults aged 18+ who have visited a dentist or dental clinic in the past year","Yes",75.2,78.3,72.1,1750,"45-54",24,"(39.29058096400047, -76.60926011099963)","Age","4AGE",7
"113",2402,2014,"MD","Maryland","Adults aged 18+ who have visited a dentist or dental clinic in the past year","Yes",75,77.6,72.4,2337,"55-64",24,"(39.29058096400047, -76.60926011099963)","Age","5AGE",8
"114",2403,2014,"MD","Maryland","Adults aged 18+ who have visited a dentist or dental clinic in the past year","Yes",69.9,72.4,67.4,3363,"65+",24,"(39.29058096400047, -76.60926011099963)","Age","6AGE",9
"115",2513,2014,"MA","Massachusetts","Adults aged 18+ who have visited a dentist or dental clinic in the past year","Yes",80.1,83.6,76.6,512,"18-24",25,"(42.27687047000046, -72.08269067499964)","Age","1AGE",4
"116",2514,2014,"MA","Massachusetts","Adults aged 18+ who have visited a dentist or dental clinic in the past year","Yes",70,73.3,66.7,916,"25-34",25,"(42.27687047000046, -72.08269067499964)","Age","2AGE",5
"117",2515,2014,"MA","Massachusetts","Adults aged 18+ who have visited a dentist or dental clinic in the past year","Yes",74.4,77.4,71.4,1254,"35-44",25,"(42.27687047000046, -72.08269067499964)","Age","3AGE",6
"118",2516,2014,"MA","Massachusetts","Adults aged 18+ who have visited a dentist or dental clinic in the past year","Yes",76.3,78.7,73.9,2051,"45-54",25,"(42.27687047000046, -72.08269067499964)","Age","4AGE",7
"119",2517,2014,"MA","Massachusetts","Adults aged 18+ who have visited a dentist or dental clinic in the past year","Yes",76.8,78.9,74.7,2848,"55-64",25,"(42.27687047000046, -72.08269067499964)","Age","5AGE",8
"120",2518,2014,"MA","Massachusetts","Adults aged 18+ who have visited a dentist or dental clinic in the past year","Yes",71.9,73.8,70,3957,"65+",25,"(42.27687047000046, -72.08269067499964)","Age","6AGE",9
"121",2626,2014,"MI","Michigan","Adults aged 18+ who have visited a dentist or dental clinic in the past year","Yes",71.3,75.5,67.1,394,"18-24",26,"(44.6613195430005, -84.71439026999968)","Age","1AGE",4
"122",2627,2014,"MI","Michigan","Adults aged 18+ who have visited a dentist or dental clinic in the past year","Yes",58.8,63,54.6,427,"25-34",26,"(44.6613195430005, -84.71439026999968)","Age","2AGE",5
"123",2628,2014,"MI","Michigan","Adults aged 18+ who have visited a dentist or dental clinic in the past year","Yes",67.2,71.1,63.3,608,"35-44",26,"(44.6613195430005, -84.71439026999968)","Age","3AGE",6
"124",2629,2014,"MI","Michigan","Adults aged 18+ who have visited a dentist or dental clinic in the past year","Yes",68.1,71,65.2,1036,"45-54",26,"(44.6613195430005, -84.71439026999968)","Age","4AGE",7
"125",2630,2014,"MI","Michigan","Adults aged 18+ who have visited a dentist or dental clinic in the past year","Yes",72.4,74.8,70,1531,"55-64",26,"(44.6613195430005, -84.71439026999968)","Age","5AGE",8
"126",2631,2014,"MI","Michigan","Adults aged 18+ who have visited a dentist or dental clinic in the past year","Yes",72.4,74.5,70.3,2192,"65+",26,"(44.6613195430005, -84.71439026999968)","Age","6AGE",9
"127",2677,2014,"MN","Minnesota","Adults aged 18+ who have visited a dentist or dental clinic in the past year","Yes",77.5,79.1,75.9,2856,"55-64",27,"(46.35564873600049, -94.79420050299967)","Age","5AGE",8
"128",2741,2014,"MN","Minnesota","Adults aged 18+ who have visited a dentist or dental clinic in the past year","Yes",72.7,75.7,69.7,726,"18-24",27,"(46.35564873600049, -94.79420050299967)","Age","1AGE",4
"129",2742,2014,"MN","Minnesota","Adults aged 18+ who have visited a dentist or dental clinic in the past year","Yes",62.1,64.6,59.6,1239,"25-34",27,"(46.35564873600049, -94.79420050299967)","Age","2AGE",5
"130",2743,2014,"MN","Minnesota","Adults aged 18+ who have visited a dentist or dental clinic in the past year","Yes",72.6,74.9,70.3,1659,"35-44",27,"(46.35564873600049, -94.79420050299967)","Age","3AGE",6
"131",2744,2014,"MN","Minnesota","Adults aged 18+ who have visited a dentist or dental clinic in the past year","Yes",74.7,76.5,72.9,2275,"45-54",27,"(46.35564873600049, -94.79420050299967)","Age","4AGE",7
"132",2745,2014,"MN","Minnesota","Adults aged 18+ who have visited a dentist or dental clinic in the past year","Yes",75.6,77.2,74,3449,"65+",27,"(46.35564873600049, -94.79420050299967)","Age","6AGE",9
"133",2854,2014,"MS","Mississippi","Adults aged 18+ who have visited a dentist or dental clinic in the past year","Yes",64.7,71.9,57.5,129,"18-24",28,"(32.745510099000455, -89.53803082499968)","Age","1AGE",4
"134",2855,2014,"MS","Mississippi","Adults aged 18+ who have visited a dentist or dental clinic in the past year","Yes",56.1,62.4,49.8,204,"25-34",28,"(32.745510099000455, -89.53803082499968)","Age","2AGE",5
"135",2856,2014,"MS","Mississippi","Adults aged 18+ who have visited a dentist or dental clinic in the past year","Yes",58,63.6,52.4,279,"35-44",28,"(32.745510099000455, -89.53803082499968)","Age","3AGE",6
"136",2857,2014,"MS","Mississippi","Adults aged 18+ who have visited a dentist or dental clinic in the past year","Yes",54.7,59.5,49.9,385,"45-54",28,"(32.745510099000455, -89.53803082499968)","Age","4AGE",7
"137",2858,2014,"MS","Mississippi","Adults aged 18+ who have visited a dentist or dental clinic in the past year","Yes",54.8,59,50.6,554,"55-64",28,"(32.745510099000455, -89.53803082499968)","Age","5AGE",8
"138",2859,2014,"MS","Mississippi","Adults aged 18+ who have visited a dentist or dental clinic in the past year","Yes",54,57.3,50.7,881,"65+",28,"(32.745510099000455, -89.53803082499968)","Age","6AGE",9
"139",2968,2014,"MO","Missouri","Adults aged 18+ who have visited a dentist or dental clinic in the past year","Yes",64.6,70.7,58.5,206,"18-24",29,"(38.635790776000476, -92.56630005299968)","Age","1AGE",4
"140",2969,2014,"MO","Missouri","Adults aged 18+ who have visited a dentist or dental clinic in the past year","Yes",50.7,55.9,45.5,283,"25-34",29,"(38.635790776000476, -92.56630005299968)","Age","2AGE",5
"141",2970,2014,"MO","Missouri","Adults aged 18+ who have visited a dentist or dental clinic in the past year","Yes",57.2,62,52.4,422,"35-44",29,"(38.635790776000476, -92.56630005299968)","Age","3AGE",6
"142",2971,2014,"MO","Missouri","Adults aged 18+ who have visited a dentist or dental clinic in the past year","Yes",59.3,63.2,55.4,629,"45-54",29,"(38.635790776000476, -92.56630005299968)","Age","4AGE",7
"143",2972,2014,"MO","Missouri","Adults aged 18+ who have visited a dentist or dental clinic in the past year","Yes",61.9,65.2,58.6,1011,"55-64",29,"(38.635790776000476, -92.56630005299968)","Age","5AGE",8
"144",2973,2014,"MO","Missouri","Adults aged 18+ who have visited a dentist or dental clinic in the past year","Yes",58.8,61.4,56.2,1553,"65+",29,"(38.635790776000476, -92.56630005299968)","Age","6AGE",9
"145",3060,2014,"MT","Montana","Adults aged 18+ who have visited a dentist or dental clinic in the past year","Yes",53.6,58.6,48.6,346,"25-34",30,"(47.06652897200047, -109.42442064499971)","Age","2AGE",5
"146",3083,2014,"MT","Montana","Adults aged 18+ who have visited a dentist or dental clinic in the past year","Yes",60.7,66.9,54.5,214,"18-24",30,"(47.06652897200047, -109.42442064499971)","Age","1AGE",4
"147",3084,2014,"MT","Montana","Adults aged 18+ who have visited a dentist or dental clinic in the past year","Yes",60,64.8,55.2,455,"35-44",30,"(47.06652897200047, -109.42442064499971)","Age","3AGE",6
"148",3085,2014,"MT","Montana","Adults aged 18+ who have visited a dentist or dental clinic in the past year","Yes",64.2,67.9,60.5,720,"45-54",30,"(47.06652897200047, -109.42442064499971)","Age","4AGE",7
"149",3086,2014,"MT","Montana","Adults aged 18+ who have visited a dentist or dental clinic in the past year","Yes",70.6,73.5,67.7,1280,"55-64",30,"(47.06652897200047, -109.42442064499971)","Age","5AGE",8
"150",3087,2014,"MT","Montana","Adults aged 18+ who have visited a dentist or dental clinic in the past year","Yes",63.5,66.1,60.9,1776,"65+",30,"(47.06652897200047, -109.42442064499971)","Age","6AGE",9
"151",3196,2014,"NE","Nebraska","Adults aged 18+ who have visited a dentist or dental clinic in the past year","Yes",65.3,69.1,61.5,785,"18-24",31,"(41.6410409880005, -99.36572062299967)","Age","1AGE",4
"152",3197,2014,"NE","Nebraska","Adults aged 18+ who have visited a dentist or dental clinic in the past year","Yes",58.7,61.8,55.6,1310,"25-34",31,"(41.6410409880005, -99.36572062299967)","Age","2AGE",5
"153",3198,2014,"NE","Nebraska","Adults aged 18+ who have visited a dentist or dental clinic in the past year","Yes",66.6,69.3,63.9,1762,"35-44",31,"(41.6410409880005, -99.36572062299967)","Age","3AGE",6
"154",3199,2014,"NE","Nebraska","Adults aged 18+ who have visited a dentist or dental clinic in the past year","Yes",68,70.3,65.7,2372,"45-54",31,"(41.6410409880005, -99.36572062299967)","Age","4AGE",7
"155",3200,2014,"NE","Nebraska","Adults aged 18+ who have visited a dentist or dental clinic in the past year","Yes",71.6,73.5,69.7,3457,"55-64",31,"(41.6410409880005, -99.36572062299967)","Age","5AGE",8
"156",3201,2014,"NE","Nebraska","Adults aged 18+ who have visited a dentist or dental clinic in the past year","Yes",68,69.5,66.5,5176,"65+",31,"(41.6410409880005, -99.36572062299967)","Age","6AGE",9
"157",3310,2014,"NV","Nevada","Adults aged 18+ who have visited a dentist or dental clinic in the past year","Yes",67.8,76.1,59.5,127,"18-24",32,"(39.493240390000494, -117.07184056399967)","Age","1AGE",4
"158",3311,2014,"NV","Nevada","Adults aged 18+ who have visited a dentist or dental clinic in the past year","Yes",51.8,58.7,44.9,200,"25-34",32,"(39.493240390000494, -117.07184056399967)","Age","2AGE",5
"159",3312,2014,"NV","Nevada","Adults aged 18+ who have visited a dentist or dental clinic in the past year","Yes",57.7,64.1,51.3,302,"35-44",32,"(39.493240390000494, -117.07184056399967)","Age","3AGE",6
"160",3313,2014,"NV","Nevada","Adults aged 18+ who have visited a dentist or dental clinic in the past year","Yes",62.2,67.9,56.5,400,"45-54",32,"(39.493240390000494, -117.07184056399967)","Age","4AGE",7
"161",3314,2014,"NV","Nevada","Adults aged 18+ who have visited a dentist or dental clinic in the past year","Yes",63.4,69.1,57.7,517,"55-64",32,"(39.493240390000494, -117.07184056399967)","Age","5AGE",8
"162",3315,2014,"NV","Nevada","Adults aged 18+ who have visited a dentist or dental clinic in the past year","Yes",59.7,64,55.4,851,"65+",32,"(39.493240390000494, -117.07184056399967)","Age","6AGE",9
"163",3424,2014,"NH","New Hampshire","Adults aged 18+ who have visited a dentist or dental clinic in the past year","Yes",68,75.4,60.6,149,"18-24",33,"(43.65595011300047, -71.50036091999965)","Age","1AGE",4
"164",3425,2014,"NH","New Hampshire","Adults aged 18+ who have visited a dentist or dental clinic in the past year","Yes",55.6,61.2,50,264,"25-34",33,"(43.65595011300047, -71.50036091999965)","Age","2AGE",5
"165",3426,2014,"NH","New Hampshire","Adults aged 18+ who have visited a dentist or dental clinic in the past year","Yes",69.5,73.9,65.1,491,"35-44",33,"(43.65595011300047, -71.50036091999965)","Age","3AGE",6
"166",3427,2014,"NH","New Hampshire","Adults aged 18+ who have visited a dentist or dental clinic in the past year","Yes",71.4,74.9,67.9,800,"45-54",33,"(43.65595011300047, -71.50036091999965)","Age","4AGE",7
"167",3428,2014,"NH","New Hampshire","Adults aged 18+ who have visited a dentist or dental clinic in the past year","Yes",73.8,76.9,70.7,1092,"55-64",33,"(43.65595011300047, -71.50036091999965)","Age","5AGE",8
"168",3429,2014,"NH","New Hampshire","Adults aged 18+ who have visited a dentist or dental clinic in the past year","Yes",74.1,76.7,71.5,1595,"65+",33,"(43.65595011300047, -71.50036091999965)","Age","6AGE",9
"169",3455,2014,"NJ","New Jersey","Adults aged 18+ who have visited a dentist or dental clinic in the past year","Yes",73,75.8,70.2,1244,"35-44",34,"(40.13057004800049, -74.27369128799967)","Age","3AGE",6
"170",3540,2014,"NJ","New Jersey","Adults aged 18+ who have visited a dentist or dental clinic in the past year","Yes",71.8,76.4,67.2,418,"18-24",34,"(40.13057004800049, -74.27369128799967)","Age","1AGE",4
"171",3541,2014,"NJ","New Jersey","Adults aged 18+ who have visited a dentist or dental clinic in the past year","Yes",60.1,63.7,56.5,795,"25-34",34,"(40.13057004800049, -74.27369128799967)","Age","2AGE",5
"172",3542,2014,"NJ","New Jersey","Adults aged 18+ who have visited a dentist or dental clinic in the past year","Yes",72.4,75,69.8,1907,"45-54",34,"(40.13057004800049, -74.27369128799967)","Age","4AGE",7
"173",3543,2014,"NJ","New Jersey","Adults aged 18+ who have visited a dentist or dental clinic in the past year","Yes",73.4,76.1,70.7,2235,"55-64",34,"(40.13057004800049, -74.27369128799967)","Age","5AGE",8
"174",3544,2014,"NJ","New Jersey","Adults aged 18+ who have visited a dentist or dental clinic in the past year","Yes",70,72.4,67.6,2795,"65+",34,"(40.13057004800049, -74.27369128799967)","Age","6AGE",9
"175",3589,2014,"NM","New Mexico","Adults aged 18+ who have visited a dentist or dental clinic in the past year","Yes",65.9,68.7,63.1,1412,"55-64",35,"(34.52088095200048, -106.24058098499967)","Age","5AGE",8
"176",3655,2014,"NM","New Mexico","Adults aged 18+ who have visited a dentist or dental clinic in the past year","Yes",62.4,67.9,56.9,291,"18-24",35,"(34.52088095200048, -106.24058098499967)","Age","1AGE",4
"177",3656,2014,"NM","New Mexico","Adults aged 18+ who have visited a dentist or dental clinic in the past year","Yes",54.8,59.6,50,462,"25-34",35,"(34.52088095200048, -106.24058098499967)","Age","2AGE",5
"178",3657,2014,"NM","New Mexico","Adults aged 18+ who have visited a dentist or dental clinic in the past year","Yes",60.2,64.4,56,630,"35-44",35,"(34.52088095200048, -106.24058098499967)","Age","3AGE",6
"179",3658,2014,"NM","New Mexico","Adults aged 18+ who have visited a dentist or dental clinic in the past year","Yes",61.6,65.1,58.1,947,"45-54",35,"(34.52088095200048, -106.24058098499967)","Age","4AGE",7
"180",3659,2014,"NM","New Mexico","Adults aged 18+ who have visited a dentist or dental clinic in the past year","Yes",63.2,65.8,60.6,1887,"65+",35,"(34.52088095200048, -106.24058098499967)","Age","6AGE",9
"181",3768,2014,"NY","New York","Adults aged 18+ who have visited a dentist or dental clinic in the past year","Yes",75.5,80.1,70.9,289,"18-24",36,"(42.82700103200045, -75.54397042699964)","Age","1AGE",4
"182",3769,2014,"NY","New York","Adults aged 18+ who have visited a dentist or dental clinic in the past year","Yes",61.9,65.9,57.9,500,"25-34",36,"(42.82700103200045, -75.54397042699964)","Age","2AGE",5
"183",3770,2014,"NY","New York","Adults aged 18+ who have visited a dentist or dental clinic in the past year","Yes",64.4,68.3,60.5,579,"35-44",36,"(42.82700103200045, -75.54397042699964)","Age","3AGE",6
"184",3771,2014,"NY","New York","Adults aged 18+ who have visited a dentist or dental clinic in the past year","Yes",68.5,71.8,65.2,869,"45-54",36,"(42.82700103200045, -75.54397042699964)","Age","4AGE",7
"185",3772,2014,"NY","New York","Adults aged 18+ who have visited a dentist or dental clinic in the past year","Yes",70.4,73.3,67.5,1083,"55-64",36,"(42.82700103200045, -75.54397042699964)","Age","5AGE",8
"186",3773,2014,"NY","New York","Adults aged 18+ who have visited a dentist or dental clinic in the past year","Yes",65.8,68.5,63.1,1433,"65+",36,"(42.82700103200045, -75.54397042699964)","Age","6AGE",9
"187",3882,2014,"NC","North Carolina","Adults aged 18+ who have visited a dentist or dental clinic in the past year","Yes",68.4,73.2,63.6,296,"18-24",37,"(35.466220975000454, -79.15925046299964)","Age","1AGE",4
"188",3883,2014,"NC","North Carolina","Adults aged 18+ who have visited a dentist or dental clinic in the past year","Yes",55,58.8,51.2,450,"25-34",37,"(35.466220975000454, -79.15925046299964)","Age","2AGE",5
"189",3884,2014,"NC","North Carolina","Adults aged 18+ who have visited a dentist or dental clinic in the past year","Yes",64,67.4,60.6,617,"35-44",37,"(35.466220975000454, -79.15925046299964)","Age","3AGE",6
"190",3885,2014,"NC","North Carolina","Adults aged 18+ who have visited a dentist or dental clinic in the past year","Yes",68.1,71.2,65,771,"45-54",37,"(35.466220975000454, -79.15925046299964)","Age","4AGE",7
"191",3886,2014,"NC","North Carolina","Adults aged 18+ who have visited a dentist or dental clinic in the past year","Yes",66.8,69.5,64.1,1056,"55-64",37,"(35.466220975000454, -79.15925046299964)","Age","5AGE",8
"192",3887,2014,"NC","North Carolina","Adults aged 18+ who have visited a dentist or dental clinic in the past year","Yes",63.4,65.7,61.1,1523,"65+",37,"(35.466220975000454, -79.15925046299964)","Age","6AGE",9
"193",3996,2014,"ND","North Dakota","Adults aged 18+ who have visited a dentist or dental clinic in the past year","Yes",66.3,72.6,60,220,"18-24",38,"(47.47531977900047, -100.11842104899966)","Age","1AGE",4
"194",3997,2014,"ND","North Dakota","Adults aged 18+ who have visited a dentist or dental clinic in the past year","Yes",59.4,64.6,54.2,403,"25-34",38,"(47.47531977900047, -100.11842104899966)","Age","2AGE",5
"195",3998,2014,"ND","North Dakota","Adults aged 18+ who have visited a dentist or dental clinic in the past year","Yes",65.5,70.2,60.8,581,"35-44",38,"(47.47531977900047, -100.11842104899966)","Age","3AGE",6
"196",3999,2014,"ND","North Dakota","Adults aged 18+ who have visited a dentist or dental clinic in the past year","Yes",65.1,68.9,61.3,845,"45-54",38,"(47.47531977900047, -100.11842104899966)","Age","4AGE",7
"197",4000,2014,"ND","North Dakota","Adults aged 18+ who have visited a dentist or dental clinic in the past year","Yes",70.6,73.5,67.7,1434,"55-64",38,"(47.47531977900047, -100.11842104899966)","Age","5AGE",8
"198",4001,2014,"ND","North Dakota","Adults aged 18+ who have visited a dentist or dental clinic in the past year","Yes",66.4,68.9,63.9,1891,"65+",38,"(47.47531977900047, -100.11842104899966)","Age","6AGE",9
"199",4109,2014,"OH","Ohio","Adults aged 18+ who have visited a dentist or dental clinic in the past year","Yes",70,75.1,64.9,307,"18-24",39,"(40.06021014100048, -82.40426005599966)","Age","1AGE",4
"200",4110,2014,"OH","Ohio","Adults aged 18+ who have visited a dentist or dental clinic in the past year","Yes",59.3,63.8,54.8,509,"25-34",39,"(40.06021014100048, -82.40426005599966)","Age","2AGE",5
"201",4111,2014,"OH","Ohio","Adults aged 18+ who have visited a dentist or dental clinic in the past year","Yes",66.7,70.6,62.8,787,"35-44",39,"(40.06021014100048, -82.40426005599966)","Age","3AGE",6
"202",4112,2014,"OH","Ohio","Adults aged 18+ who have visited a dentist or dental clinic in the past year","Yes",67.5,70.6,64.4,1219,"45-54",39,"(40.06021014100048, -82.40426005599966)","Age","4AGE",7
"203",4113,2014,"OH","Ohio","Adults aged 18+ who have visited a dentist or dental clinic in the past year","Yes",65.9,68.6,63.2,1813,"55-64",39,"(40.06021014100048, -82.40426005599966)","Age","5AGE",8
"204",4114,2014,"OH","Ohio","Adults aged 18+ who have visited a dentist or dental clinic in the past year","Yes",63.7,66,61.4,2579,"65+",39,"(40.06021014100048, -82.40426005599966)","Age","6AGE",9
"205",4222,2014,"OK","Oklahoma","Adults aged 18+ who have visited a dentist or dental clinic in the past year","Yes",58.8,63.9,53.7,254,"18-24",40,"(35.47203135600046, -97.52107021399968)","Age","1AGE",4
"206",4223,2014,"OK","Oklahoma","Adults aged 18+ who have visited a dentist or dental clinic in the past year","Yes",55.2,59.1,51.3,478,"25-34",40,"(35.47203135600046, -97.52107021399968)","Age","2AGE",5
"207",4224,2014,"OK","Oklahoma","Adults aged 18+ who have visited a dentist or dental clinic in the past year","Yes",57.8,61.4,54.2,600,"35-44",40,"(35.47203135600046, -97.52107021399968)","Age","3AGE",6
"208",4225,2014,"OK","Oklahoma","Adults aged 18+ who have visited a dentist or dental clinic in the past year","Yes",56.7,59.8,53.6,761,"45-54",40,"(35.47203135600046, -97.52107021399968)","Age","4AGE",7
"209",4226,2014,"OK","Oklahoma","Adults aged 18+ who have visited a dentist or dental clinic in the past year","Yes",57.7,60.4,55,1103,"55-64",40,"(35.47203135600046, -97.52107021399968)","Age","5AGE",8
"210",4227,2014,"OK","Oklahoma","Adults aged 18+ who have visited a dentist or dental clinic in the past year","Yes",55.4,57.5,53.3,1723,"65+",40,"(35.47203135600046, -97.52107021399968)","Age","6AGE",9
"211",4337,2014,"OR","Oregon","Adults aged 18+ who have visited a dentist or dental clinic in the past year","Yes",69.6,75.7,63.5,191,"18-24",41,"(44.56744942400047, -120.15503132599969)","Age","1AGE",4
"212",4338,2014,"OR","Oregon","Adults aged 18+ who have visited a dentist or dental clinic in the past year","Yes",54,59.3,48.7,270,"25-34",41,"(44.56744942400047, -120.15503132599969)","Age","2AGE",5
"213",4339,2014,"OR","Oregon","Adults aged 18+ who have visited a dentist or dental clinic in the past year","Yes",67.8,72.6,63,366,"35-44",41,"(44.56744942400047, -120.15503132599969)","Age","3AGE",6
"214",4340,2014,"OR","Oregon","Adults aged 18+ who have visited a dentist or dental clinic in the past year","Yes",67.9,72,63.8,518,"45-54",41,"(44.56744942400047, -120.15503132599969)","Age","4AGE",7
"215",4341,2014,"OR","Oregon","Adults aged 18+ who have visited a dentist or dental clinic in the past year","Yes",68.3,71.5,65.1,815,"55-64",41,"(44.56744942400047, -120.15503132599969)","Age","5AGE",8
"216",4342,2014,"OR","Oregon","Adults aged 18+ who have visited a dentist or dental clinic in the past year","Yes",67.5,70,65,1398,"65+",41,"(44.56744942400047, -120.15503132599969)","Age","6AGE",9
"217",4451,2014,"PA","Pennsylvania","Adults aged 18+ who have visited a dentist or dental clinic in the past year","Yes",68.5,73.6,63.4,334,"18-24",42,"(40.79373015200048, -77.86070029399963)","Age","1AGE",4
"218",4452,2014,"PA","Pennsylvania","Adults aged 18+ who have visited a dentist or dental clinic in the past year","Yes",62.6,66.5,58.7,570,"25-34",42,"(40.79373015200048, -77.86070029399963)","Age","2AGE",5
"219",4453,2014,"PA","Pennsylvania","Adults aged 18+ who have visited a dentist or dental clinic in the past year","Yes",69.1,72.5,65.7,857,"35-44",42,"(40.79373015200048, -77.86070029399963)","Age","3AGE",6
"220",4454,2014,"PA","Pennsylvania","Adults aged 18+ who have visited a dentist or dental clinic in the past year","Yes",67.5,70.3,64.7,1243,"45-54",42,"(40.79373015200048, -77.86070029399963)","Age","4AGE",7
"221",4455,2014,"PA","Pennsylvania","Adults aged 18+ who have visited a dentist or dental clinic in the past year","Yes",69.6,71.9,67.3,1828,"55-64",42,"(40.79373015200048, -77.86070029399963)","Age","5AGE",8
"222",4456,2014,"PA","Pennsylvania","Adults aged 18+ who have visited a dentist or dental clinic in the past year","Yes",64.5,66.5,62.5,2588,"65+",42,"(40.79373015200048, -77.86070029399963)","Age","6AGE",9
"223",4565,2014,"PR","Puerto Rico","Adults aged 18+ who have visited a dentist or dental clinic in the past year","Yes",76.6,81.4,71.8,356,"18-24",72,"(18.220833, -66.590149)","Age","1AGE",4
"224",4566,2014,"PR","Puerto Rico","Adults aged 18+ who have visited a dentist or dental clinic in the past year","Yes",71.8,75.9,67.7,482,"25-34",72,"(18.220833, -66.590149)","Age","2AGE",5
"225",4567,2014,"PR","Puerto Rico","Adults aged 18+ who have visited a dentist or dental clinic in the past year","Yes",69.9,73.8,66,541,"35-44",72,"(18.220833, -66.590149)","Age","3AGE",6
"226",4568,2014,"PR","Puerto Rico","Adults aged 18+ who have visited a dentist or dental clinic in the past year","Yes",62.6,66.4,58.8,636,"45-54",72,"(18.220833, -66.590149)","Age","4AGE",7
"227",4678,2014,"RI","Rhode Island","Adults aged 18+ who have visited a dentist or dental clinic in the past year","Yes",76.1,82.1,70.1,167,"18-24",44,"(41.70828019300046, -71.52247031399963)","Age","1AGE",4
"228",4679,2014,"RI","Rhode Island","Adults aged 18+ who have visited a dentist or dental clinic in the past year","Yes",63.9,69.3,58.5,293,"25-34",44,"(41.70828019300046, -71.52247031399963)","Age","2AGE",5
"229",4680,2014,"RI","Rhode Island","Adults aged 18+ who have visited a dentist or dental clinic in the past year","Yes",69.4,73.7,65.1,529,"35-44",44,"(41.70828019300046, -71.52247031399963)","Age","3AGE",6
"230",4681,2014,"RI","Rhode Island","Adults aged 18+ who have visited a dentist or dental clinic in the past year","Yes",74.3,77.5,71.1,906,"45-54",44,"(41.70828019300046, -71.52247031399963)","Age","4AGE",7
"231",4682,2014,"RI","Rhode Island","Adults aged 18+ who have visited a dentist or dental clinic in the past year","Yes",78.3,80.8,75.8,1329,"55-64",44,"(41.70828019300046, -71.52247031399963)","Age","5AGE",8
"232",4683,2014,"RI","Rhode Island","Adults aged 18+ who have visited a dentist or dental clinic in the past year","Yes",70.4,73,67.8,1592,"65+",44,"(41.70828019300046, -71.52247031399963)","Age","6AGE",9
"233",4792,2014,"SC","South Carolina","Adults aged 18+ who have visited a dentist or dental clinic in the past year","Yes",63.2,68,58.4,352,"18-24",45,"(33.998821303000454, -81.04537120699968)","Age","1AGE",4
"234",4793,2014,"SC","South Carolina","Adults aged 18+ who have visited a dentist or dental clinic in the past year","Yes",51.8,55.6,48,550,"25-34",45,"(33.998821303000454, -81.04537120699968)","Age","2AGE",5
"235",4794,2014,"SC","South Carolina","Adults aged 18+ who have visited a dentist or dental clinic in the past year","Yes",58.4,61.8,55,714,"35-44",45,"(33.998821303000454, -81.04537120699968)","Age","3AGE",6
"236",4795,2014,"SC","South Carolina","Adults aged 18+ who have visited a dentist or dental clinic in the past year","Yes",57.4,60.3,54.5,1064,"45-54",45,"(33.998821303000454, -81.04537120699968)","Age","4AGE",7
"237",4796,2014,"SC","South Carolina","Adults aged 18+ who have visited a dentist or dental clinic in the past year","Yes",58.9,61.3,56.5,1486,"55-64",45,"(33.998821303000454, -81.04537120699968)","Age","5AGE",8
"238",4797,2014,"SC","South Carolina","Adults aged 18+ who have visited a dentist or dental clinic in the past year","Yes",60.8,62.7,58.9,2513,"65+",45,"(33.998821303000454, -81.04537120699968)","Age","6AGE",9
"239",4906,2014,"SD","South Dakota","Adults aged 18+ who have visited a dentist or dental clinic in the past year","Yes",74.9,81.9,67.9,294,"18-24",46,"(44.353130053000484, -100.3735306369997)","Age","1AGE",4
"240",4907,2014,"SD","South Dakota","Adults aged 18+ who have visited a dentist or dental clinic in the past year","Yes",69.6,74.6,64.6,574,"25-34",46,"(44.353130053000484, -100.3735306369997)","Age","2AGE",5
"241",4908,2014,"SD","South Dakota","Adults aged 18+ who have visited a dentist or dental clinic in the past year","Yes",72.8,77.5,68.1,650,"35-44",46,"(44.353130053000484, -100.3735306369997)","Age","3AGE",6
"242",4909,2014,"SD","South Dakota","Adults aged 18+ who have visited a dentist or dental clinic in the past year","Yes",70.5,75.1,65.9,886,"45-54",46,"(44.353130053000484, -100.3735306369997)","Age","4AGE",7
"243",4910,2014,"SD","South Dakota","Adults aged 18+ who have visited a dentist or dental clinic in the past year","Yes",72.2,76.2,68.2,1151,"55-64",46,"(44.353130053000484, -100.3735306369997)","Age","5AGE",8
"244",4911,2014,"SD","South Dakota","Adults aged 18+ who have visited a dentist or dental clinic in the past year","Yes",65.4,68.7,62.1,1707,"65+",46,"(44.353130053000484, -100.3735306369997)","Age","6AGE",9
"245",4955,2014,"TN","Tennessee","Adults aged 18+ who have visited a dentist or dental clinic in the past year","Yes",61,68.9,53.1,124,"18-24",47,"(35.68094058000048, -85.77449091399967)","Age","1AGE",4
"246",5021,2014,"TN","Tennessee","Adults aged 18+ who have visited a dentist or dental clinic in the past year","Yes",55.2,61,49.4,229,"25-34",47,"(35.68094058000048, -85.77449091399967)","Age","2AGE",5
"247",5022,2014,"TN","Tennessee","Adults aged 18+ who have visited a dentist or dental clinic in the past year","Yes",60.2,65.9,54.5,296,"35-44",47,"(35.68094058000048, -85.77449091399967)","Age","3AGE",6
"248",5023,2014,"TN","Tennessee","Adults aged 18+ who have visited a dentist or dental clinic in the past year","Yes",57.5,61.8,53.2,474,"45-54",47,"(35.68094058000048, -85.77449091399967)","Age","4AGE",7
"249",5024,2014,"TN","Tennessee","Adults aged 18+ who have visited a dentist or dental clinic in the past year","Yes",58.1,61.7,54.5,709,"55-64",47,"(35.68094058000048, -85.77449091399967)","Age","5AGE",8
"250",5025,2014,"TN","Tennessee","Adults aged 18+ who have visited a dentist or dental clinic in the past year","Yes",58.6,61.5,55.7,1161,"65+",47,"(35.68094058000048, -85.77449091399967)","Age","6AGE",9
"251",5134,2014,"TX","Texas","Adults aged 18+ who have visited a dentist or dental clinic in the past year","Yes",59.6,63.9,55.3,557,"18-24",48,"(31.827240407000488, -99.42677020599967)","Age","1AGE",4
"252",5135,2014,"TX","Texas","Adults aged 18+ who have visited a dentist or dental clinic in the past year","Yes",51,54.3,47.7,906,"25-34",48,"(31.827240407000488, -99.42677020599967)","Age","2AGE",5
"253",5136,2014,"TX","Texas","Adults aged 18+ who have visited a dentist or dental clinic in the past year","Yes",59.2,62.6,55.8,1193,"35-44",48,"(31.827240407000488, -99.42677020599967)","Age","3AGE",6
"254",5137,2014,"TX","Texas","Adults aged 18+ who have visited a dentist or dental clinic in the past year","Yes",59,62.2,55.8,1515,"45-54",48,"(31.827240407000488, -99.42677020599967)","Age","4AGE",7
"255",5138,2014,"TX","Texas","Adults aged 18+ who have visited a dentist or dental clinic in the past year","Yes",60.3,63.4,57.2,1966,"55-64",48,"(31.827240407000488, -99.42677020599967)","Age","5AGE",8
"256",5139,2014,"TX","Texas","Adults aged 18+ who have visited a dentist or dental clinic in the past year","Yes",61.2,63.8,58.6,3516,"65+",48,"(31.827240407000488, -99.42677020599967)","Age","6AGE",9
"257",5248,2014,"US","United States","Adults aged 18+ who have visited a dentist or dental clinic in the past year","Yes",67.8,68.8,66.8,15468,"18-24",NA,NA,"Age","1AGE",4
"258",5249,2014,"US","United States","Adults aged 18+ who have visited a dentist or dental clinic in the past year","Yes",57.3,58.1,56.5,25704,"25-34",NA,NA,"Age","2AGE",5
"259",5250,2014,"US","United States","Adults aged 18+ who have visited a dentist or dental clinic in the past year","Yes",63.6,64.4,62.8,36084,"35-44",NA,NA,"Age","3AGE",6
"260",5251,2014,"US","United States","Adults aged 18+ who have visited a dentist or dental clinic in the past year","Yes",65.8,66.5,65.1,52040,"45-54",NA,NA,"Age","4AGE",7
"261",5252,2014,"US","United States","Adults aged 18+ who have visited a dentist or dental clinic in the past year","Yes",67.1,67.7,66.5,72777,"55-64",NA,NA,"Age","5AGE",8
"262",5253,2014,"US","United States","Adults aged 18+ who have visited a dentist or dental clinic in the past year","Yes",65.7,66.2,65.2,105435,"65+",NA,NA,"Age","6AGE",9
"263",5362,2014,"UT","Utah","Adults aged 18+ who have visited a dentist or dental clinic in the past year","Yes",69.3,72.2,66.4,857,"18-24",49,"(39.360700171000474, -111.58713063499971)","Age","1AGE",4
"264",5363,2014,"UT","Utah","Adults aged 18+ who have visited a dentist or dental clinic in the past year","Yes",63.3,65.5,61.1,1480,"25-34",49,"(39.360700171000474, -111.58713063499971)","Age","2AGE",5
"265",5364,2014,"UT","Utah","Adults aged 18+ who have visited a dentist or dental clinic in the past year","Yes",69.8,71.9,67.7,1984,"35-44",49,"(39.360700171000474, -111.58713063499971)","Age","3AGE",6
"266",5365,2014,"UT","Utah","Adults aged 18+ who have visited a dentist or dental clinic in the past year","Yes",70.5,72.7,68.3,1741,"45-54",49,"(39.360700171000474, -111.58713063499971)","Age","4AGE",7
"267",5366,2014,"UT","Utah","Adults aged 18+ who have visited a dentist or dental clinic in the past year","Yes",72.1,74.2,70,1985,"55-64",49,"(39.360700171000474, -111.58713063499971)","Age","5AGE",8
"268",5367,2014,"UT","Utah","Adults aged 18+ who have visited a dentist or dental clinic in the past year","Yes",71,72.9,69.1,2547,"65+",49,"(39.360700171000474, -111.58713063499971)","Age","6AGE",9
"269",5476,2014,"VT","Vermont","Adults aged 18+ who have visited a dentist or dental clinic in the past year","Yes",72.9,78,67.8,242,"18-24",50,"(43.62538123900049, -72.51764079099962)","Age","1AGE",4
"270",5477,2014,"VT","Vermont","Adults aged 18+ who have visited a dentist or dental clinic in the past year","Yes",65.8,69.9,61.7,428,"25-34",50,"(43.62538123900049, -72.51764079099962)","Age","2AGE",5
"271",5478,2014,"VT","Vermont","Adults aged 18+ who have visited a dentist or dental clinic in the past year","Yes",70.1,73.6,66.6,581,"35-44",50,"(43.62538123900049, -72.51764079099962)","Age","3AGE",6
"272",5479,2014,"VT","Vermont","Adults aged 18+ who have visited a dentist or dental clinic in the past year","Yes",74.5,77.2,71.8,951,"45-54",50,"(43.62538123900049, -72.51764079099962)","Age","4AGE",7
"273",5480,2014,"VT","Vermont","Adults aged 18+ who have visited a dentist or dental clinic in the past year","Yes",75.9,78.3,73.5,1196,"55-64",50,"(43.62538123900049, -72.51764079099962)","Age","5AGE",8
"274",5481,2014,"VT","Vermont","Adults aged 18+ who have visited a dentist or dental clinic in the past year","Yes",71.9,74.4,69.4,1343,"65+",50,"(43.62538123900049, -72.51764079099962)","Age","6AGE",9
"275",5591,2014,"VA","Virginia","Adults aged 18+ who have visited a dentist or dental clinic in the past year","Yes",68.8,73.6,64,277,"18-24",51,"(37.54268067400045, -78.45789046299967)","Age","1AGE",4
"276",5592,2014,"VA","Virginia","Adults aged 18+ who have visited a dentist or dental clinic in the past year","Yes",65.6,69.3,61.9,625,"25-34",51,"(37.54268067400045, -78.45789046299967)","Age","2AGE",5
"277",5593,2014,"VA","Virginia","Adults aged 18+ who have visited a dentist or dental clinic in the past year","Yes",67.5,70.8,64.2,872,"35-44",51,"(37.54268067400045, -78.45789046299967)","Age","3AGE",6
"278",5594,2014,"VA","Virginia","Adults aged 18+ who have visited a dentist or dental clinic in the past year","Yes",71,73.8,68.2,1321,"45-54",51,"(37.54268067400045, -78.45789046299967)","Age","4AGE",7
"279",5595,2014,"VA","Virginia","Adults aged 18+ who have visited a dentist or dental clinic in the past year","Yes",72.3,74.8,69.8,1608,"55-64",51,"(37.54268067400045, -78.45789046299967)","Age","5AGE",8
"280",5596,2014,"VA","Virginia","Adults aged 18+ who have visited a dentist or dental clinic in the past year","Yes",70.5,72.7,68.3,2059,"65+",51,"(37.54268067400045, -78.45789046299967)","Age","6AGE",9
"281",5705,2014,"WA","Washington","Adults aged 18+ who have visited a dentist or dental clinic in the past year","Yes",68.4,73.3,63.5,343,"18-24",53,"(47.52227862900048, -120.47001078999972)","Age","1AGE",4
"282",5706,2014,"WA","Washington","Adults aged 18+ who have visited a dentist or dental clinic in the past year","Yes",55.5,59.6,51.4,506,"25-34",53,"(47.52227862900048, -120.47001078999972)","Age","2AGE",5
"283",5707,2014,"WA","Washington","Adults aged 18+ who have visited a dentist or dental clinic in the past year","Yes",65.1,68.6,61.6,793,"35-44",53,"(47.52227862900048, -120.47001078999972)","Age","3AGE",6
"284",5708,2014,"WA","Washington","Adults aged 18+ who have visited a dentist or dental clinic in the past year","Yes",70,72.9,67.1,1187,"45-54",53,"(47.52227862900048, -120.47001078999972)","Age","4AGE",7
"285",5709,2014,"WA","Washington","Adults aged 18+ who have visited a dentist or dental clinic in the past year","Yes",72.6,75.2,70,1764,"55-64",53,"(47.52227862900048, -120.47001078999972)","Age","5AGE",8
"286",5710,2014,"WA","Washington","Adults aged 18+ who have visited a dentist or dental clinic in the past year","Yes",70.6,72.6,68.6,2639,"65+",53,"(47.52227862900048, -120.47001078999972)","Age","6AGE",9
"287",5760,2014,"WI","Wisconsin","Adults aged 18+ who have visited a dentist or dental clinic in the past year","Yes",71.6,74.3,68.9,1636,"65+",55,"(44.39319117400049, -89.81637074199966)","Age","6AGE",9
"288",5819,2014,"WV","West Virginia","Adults aged 18+ who have visited a dentist or dental clinic in the past year","Yes",60.2,66.4,54,190,"18-24",54,"(38.66551020200046, -80.71264013499967)","Age","1AGE",4
"289",5820,2014,"WV","West Virginia","Adults aged 18+ who have visited a dentist or dental clinic in the past year","Yes",52.4,57.1,47.7,323,"25-34",54,"(38.66551020200046, -80.71264013499967)","Age","2AGE",5
"290",5821,2014,"WV","West Virginia","Adults aged 18+ who have visited a dentist or dental clinic in the past year","Yes",60.4,64.4,56.4,452,"35-44",54,"(38.66551020200046, -80.71264013499967)","Age","3AGE",6
"291",5822,2014,"WV","West Virginia","Adults aged 18+ who have visited a dentist or dental clinic in the past year","Yes",51.8,55.3,48.3,588,"45-54",54,"(38.66551020200046, -80.71264013499967)","Age","4AGE",7
"292",5823,2014,"WV","West Virginia","Adults aged 18+ who have visited a dentist or dental clinic in the past year","Yes",55.6,58.5,52.7,872,"55-64",54,"(38.66551020200046, -80.71264013499967)","Age","5AGE",8
"293",5824,2014,"WV","West Virginia","Adults aged 18+ who have visited a dentist or dental clinic in the past year","Yes",48.6,51.1,46.1,1067,"65+",54,"(38.66551020200046, -80.71264013499967)","Age","6AGE",9
"294",5933,2014,"WI","Wisconsin","Adults aged 18+ who have visited a dentist or dental clinic in the past year","Yes",71.9,77.1,66.7,303,"18-24",55,"(44.39319117400049, -89.81637074199966)","Age","1AGE",4
"295",5934,2014,"WI","Wisconsin","Adults aged 18+ who have visited a dentist or dental clinic in the past year","Yes",61.6,66.5,56.7,397,"25-34",55,"(44.39319117400049, -89.81637074199966)","Age","2AGE",5
"296",5935,2014,"WI","Wisconsin","Adults aged 18+ who have visited a dentist or dental clinic in the past year","Yes",67.9,72.3,63.5,606,"35-44",55,"(44.39319117400049, -89.81637074199966)","Age","3AGE",6
"297",5936,2014,"WI","Wisconsin","Adults aged 18+ who have visited a dentist or dental clinic in the past year","Yes",73.4,76.9,69.9,902,"45-54",55,"(44.39319117400049, -89.81637074199966)","Age","4AGE",7
"298",5937,2014,"WI","Wisconsin","Adults aged 18+ who have visited a dentist or dental clinic in the past year","Yes",73.6,76.6,70.6,1241,"55-64",55,"(44.39319117400049, -89.81637074199966)","Age","5AGE",8
"299",6046,2014,"WY","Wyoming","Adults aged 18+ who have visited a dentist or dental clinic in the past year","Yes",65.3,74.4,56.2,85,"18-24",56,"(43.23554134300048, -108.10983035299967)","Age","1AGE",4
"300",6047,2014,"WY","Wyoming","Adults aged 18+ who have visited a dentist or dental clinic in the past year","Yes",60.2,66.4,54,245,"25-34",56,"(43.23554134300048, -108.10983035299967)","Age","2AGE",5
"301",6048,2014,"WY","Wyoming","Adults aged 18+ who have visited a dentist or dental clinic in the past year","Yes",61.9,67.5,56.3,416,"35-44",56,"(43.23554134300048, -108.10983035299967)","Age","3AGE",6
"302",6049,2014,"WY","Wyoming","Adults aged 18+ who have visited a dentist or dental clinic in the past year","Yes",65.3,70,60.6,579,"45-54",56,"(43.23554134300048, -108.10983035299967)","Age","4AGE",7
"303",6050,2014,"WY","Wyoming","Adults aged 18+ who have visited a dentist or dental clinic in the past year","Yes",71,74.1,67.9,1222,"55-64",56,"(43.23554134300048, -108.10983035299967)","Age","5AGE",8
"304",6051,2014,"WY","Wyoming","Adults aged 18+ who have visited a dentist or dental clinic in the past year","Yes",66.2,68.6,63.8,1856,"65+",56,"(43.23554134300048, -108.10983035299967)","Age","6AGE",9
