"","Year","LocationAbbr","LocationDesc","Category","Indicator","Response","Datasource","Data_Value_Unit","Data_Value_Type","Data_Value","Data_Value_Footnote_Symbol","Data_Value_Footnote","High_Confidence_Interval","Low_Confidence_Interval","SampleSize","Break_Out","LocationID","GeoLocation","SortUSFirst","Break_Out_Category","Break_Out_ID","SortBreakOutID","IndicatorID"
"1",2014,"AL","Alabama","Adult","Adults aged 18+ who have visited a dentist or dental clinic in the past year","Yes","BRFSS","%","Percentage",33.7,NA,NA,38.1,29.3,310,"Less than H.S.",1,"(32.84057112200048, -86.63186076199969)",2,"Education","1EDUC",20,"ADT1_1"
"2",2014,"AL","Alabama","Adult","Adults aged 18+ who have visited a dentist or dental clinic in the past year","Yes","BRFSS","%","Percentage",54.2,NA,NA,57,51.4,1391,"H.S. or G.E.D.",1,"(32.84057112200048, -86.63186076199969)",2,"Education","2EDUC",21,"ADT1_1"
"3",2014,"AL","Alabama","Adult","Adults aged 18+ who have visited a dentist or dental clinic in the past year","Yes","BRFSS","%","Percentage",66.3,NA,NA,68.9,63.7,1573,"Some post H.S.",1,"(32.84057112200048, -86.63186076199969)",2,"Education","3EDUC",22,"ADT1_1"
"4",2014,"AL","Alabama","Adult","Adults aged 18+ who have visited a dentist or dental clinic in the past year","Yes","BRFSS","%","Percentage",81.1,NA,NA,83.2,79,1848,"College graduate",1,"(32.84057112200048, -86.63186076199969)",2,"Education","4EDUC",23,"ADT1_1"
"5",2014,"AK","Alaska","Adult","Adults aged 18+ who have visited a dentist or dental clinic in the past year","Yes","BRFSS","%","Percentage",46,NA,NA,54.7,37.3,93,"Less than H.S.",2,"(64.84507995700051, -147.72205903599973)",2,"Education","1EDUC",20,"ADT1_1"
"6",2014,"AK","Alaska","Adult","Adults aged 18+ who have visited a dentist or dental clinic in the past year","Yes","BRFSS","%","Percentage",61.7,NA,NA,65.4,58,639,"H.S. or G.E.D.",2,"(64.84507995700051, -147.72205903599973)",2,"Education","2EDUC",21,"ADT1_1"
"7",2014,"AK","Alaska","Adult","Adults aged 18+ who have visited a dentist or dental clinic in the past year","Yes","BRFSS","%","Percentage",63.1,NA,NA,66.8,59.4,835,"Some post H.S.",2,"(64.84507995700051, -147.72205903599973)",2,"Education","3EDUC",22,"ADT1_1"
"8",2014,"AK","Alaska","Adult","Adults aged 18+ who have visited a dentist or dental clinic in the past year","Yes","BRFSS","%","Percentage",76.8,NA,NA,79.5,74.1,1327,"College graduate",2,"(64.84507995700051, -147.72205903599973)",2,"Education","4EDUC",23,"ADT1_1"
"9",2014,"AZ","Arizona","Adult","Adults aged 18+ who have visited a dentist or dental clinic in the past year","Yes","BRFSS","%","Percentage",36.7,NA,NA,41,32.4,431,"Less than H.S.",4,"(34.865970280000454, -111.76381127699972)",2,"Education","1EDUC",20,"ADT1_1"
"10",2014,"AZ","Arizona","Adult","Adults aged 18+ who have visited a dentist or dental clinic in the past year","Yes","BRFSS","%","Percentage",52.6,NA,NA,55.3,49.9,1891,"H.S. or G.E.D.",4,"(34.865970280000454, -111.76381127699972)",2,"Education","2EDUC",21,"ADT1_1"
"11",2014,"AZ","Arizona","Adult","Adults aged 18+ who have visited a dentist or dental clinic in the past year","Yes","BRFSS","%","Percentage",61.3,NA,NA,63.6,59,2787,"Some post H.S.",4,"(34.865970280000454, -111.76381127699972)",2,"Education","3EDUC",22,"ADT1_1"
"12",2014,"AZ","Arizona","Adult","Adults aged 18+ who have visited a dentist or dental clinic in the past year","Yes","BRFSS","%","Percentage",76.6,NA,NA,78.4,74.8,4447,"College graduate",4,"(34.865970280000454, -111.76381127699972)",2,"Education","4EDUC",23,"ADT1_1"
"13",2014,"AR","Arkansas","Adult","Adults aged 18+ who have visited a dentist or dental clinic in the past year","Yes","BRFSS","%","Percentage",39.7,NA,NA,46.2,33.2,205,"Less than H.S.",5,"(34.74865012400045, -92.27449074299966)",2,"Education","1EDUC",20,"ADT1_1"
"14",2014,"AR","Arkansas","Adult","Adults aged 18+ who have visited a dentist or dental clinic in the past year","Yes","BRFSS","%","Percentage",51.4,NA,NA,54.9,47.9,939,"H.S. or G.E.D.",5,"(34.74865012400045, -92.27449074299966)",2,"Education","2EDUC",21,"ADT1_1"
"15",2014,"AR","Arkansas","Adult","Adults aged 18+ who have visited a dentist or dental clinic in the past year","Yes","BRFSS","%","Percentage",62.6,NA,NA,66.4,58.8,849,"Some post H.S.",5,"(34.74865012400045, -92.27449074299966)",2,"Education","3EDUC",22,"ADT1_1"
"16",2014,"AR","Arkansas","Adult","Adults aged 18+ who have visited a dentist or dental clinic in the past year","Yes","BRFSS","%","Percentage",75,NA,NA,78.4,71.6,1032,"College graduate",5,"(34.74865012400045, -92.27449074299966)",2,"Education","4EDUC",23,"ADT1_1"
"17",2014,"CA","California","Adult","Adults aged 18+ who have visited a dentist or dental clinic in the past year","Yes","BRFSS","%","Percentage",45.5,NA,NA,49.1,41.9,481,"Less than H.S.",6,"(37.63864012300047, -120.99999953799971)",2,"Education","1EDUC",20,"ADT1_1"
"18",2014,"CA","California","Adult","Adults aged 18+ who have visited a dentist or dental clinic in the past year","Yes","BRFSS","%","Percentage",60,NA,NA,62.9,57.1,928,"H.S. or G.E.D.",6,"(37.63864012300047, -120.99999953799971)",2,"Education","2EDUC",21,"ADT1_1"
"19",2014,"CA","California","Adult","Adults aged 18+ who have visited a dentist or dental clinic in the past year","Yes","BRFSS","%","Percentage",68.5,NA,NA,70.9,66.1,1510,"Some post H.S.",6,"(37.63864012300047, -120.99999953799971)",2,"Education","3EDUC",22,"ADT1_1"
"20",2014,"CA","California","Adult","Adults aged 18+ who have visited a dentist or dental clinic in the past year","Yes","BRFSS","%","Percentage",78.3,NA,NA,80,76.6,2899,"College graduate",6,"(37.63864012300047, -120.99999953799971)",2,"Education","4EDUC",23,"ADT1_1"
"21",2014,"CO","Colorado","Adult","Adults aged 18+ who have visited a dentist or dental clinic in the past year","Yes","BRFSS","%","Percentage",45.8,NA,NA,50.3,41.3,329,"Less than H.S.",8,"(38.843840757000464, -106.13361092099967)",2,"Education","1EDUC",20,"ADT1_1"
"22",2014,"CO","Colorado","Adult","Adults aged 18+ who have visited a dentist or dental clinic in the past year","Yes","BRFSS","%","Percentage",61.3,NA,NA,63.5,59.1,1831,"H.S. or G.E.D.",8,"(38.843840757000464, -106.13361092099967)",2,"Education","2EDUC",21,"ADT1_1"
"23",2014,"CO","Colorado","Adult","Adults aged 18+ who have visited a dentist or dental clinic in the past year","Yes","BRFSS","%","Percentage",65.4,NA,NA,67.4,63.4,2383,"Some post H.S.",8,"(38.843840757000464, -106.13361092099967)",2,"Education","3EDUC",22,"ADT1_1"
"24",2014,"CO","Colorado","Adult","Adults aged 18+ who have visited a dentist or dental clinic in the past year","Yes","BRFSS","%","Percentage",79.2,NA,NA,80.5,77.9,4630,"College graduate",8,"(38.843840757000464, -106.13361092099967)",2,"Education","4EDUC",23,"ADT1_1"
"25",2014,"CT","Connecticut","Adult","Adults aged 18+ who have visited a dentist or dental clinic in the past year","Yes","BRFSS","%","Percentage",55.3,NA,NA,60.9,49.7,270,"Less than H.S.",9,"(41.56266102000046, -72.64984095199964)",2,"Education","1EDUC",20,"ADT1_1"
"26",2014,"CT","Connecticut","Adult","Adults aged 18+ who have visited a dentist or dental clinic in the past year","Yes","BRFSS","%","Percentage",69.6,NA,NA,72.4,66.8,1249,"H.S. or G.E.D.",9,"(41.56266102000046, -72.64984095199964)",2,"Education","2EDUC",21,"ADT1_1"
"27",2014,"CT","Connecticut","Adult","Adults aged 18+ who have visited a dentist or dental clinic in the past year","Yes","BRFSS","%","Percentage",76.5,NA,NA,79.3,73.7,1336,"Some post H.S.",9,"(41.56266102000046, -72.64984095199964)",2,"Education","3EDUC",22,"ADT1_1"
"28",2014,"CT","Connecticut","Adult","Adults aged 18+ who have visited a dentist or dental clinic in the past year","Yes","BRFSS","%","Percentage",85.4,NA,NA,87,83.8,3283,"College graduate",9,"(41.56266102000046, -72.64984095199964)",2,"Education","4EDUC",23,"ADT1_1"
"29",2014,"DE","Delaware","Adult","Adults aged 18+ who have visited a dentist or dental clinic in the past year","Yes","BRFSS","%","Percentage",36.7,NA,NA,43.7,29.7,131,"Less than H.S.",10,"(39.008830667000495, -75.57774116799965)",2,"Education","1EDUC",20,"ADT1_1"
"30",2014,"DE","Delaware","Adult","Adults aged 18+ who have visited a dentist or dental clinic in the past year","Yes","BRFSS","%","Percentage",61.8,NA,NA,65.7,57.9,761,"H.S. or G.E.D.",10,"(39.008830667000495, -75.57774116799965)",2,"Education","2EDUC",21,"ADT1_1"
"31",2014,"DE","Delaware","Adult","Adults aged 18+ who have visited a dentist or dental clinic in the past year","Yes","BRFSS","%","Percentage",69.9,NA,NA,73.8,66,696,"Some post H.S.",10,"(39.008830667000495, -75.57774116799965)",2,"Education","3EDUC",22,"ADT1_1"
"32",2014,"DE","Delaware","Adult","Adults aged 18+ who have visited a dentist or dental clinic in the past year","Yes","BRFSS","%","Percentage",83.5,NA,NA,85.9,81.1,1281,"College graduate",10,"(39.008830667000495, -75.57774116799965)",2,"Education","4EDUC",23,"ADT1_1"
"33",2014,"DC","District Columbia","Adult","Adults aged 18+ who have visited a dentist or dental clinic in the past year","Yes","BRFSS","%","Percentage",45.2,NA,NA,54.8,35.6,119,"Less than H.S.",11,"(38.89037138500049, -77.03196112699965)",2,"Education","1EDUC",20,"ADT1_1"
"34",2014,"DC","District Columbia","Adult","Adults aged 18+ who have visited a dentist or dental clinic in the past year","Yes","BRFSS","%","Percentage",68.7,NA,NA,74.4,63,398,"H.S. or G.E.D.",11,"(38.89037138500049, -77.03196112699965)",2,"Education","2EDUC",21,"ADT1_1"
"35",2014,"DC","District Columbia","Adult","Adults aged 18+ who have visited a dentist or dental clinic in the past year","Yes","BRFSS","%","Percentage",68.8,NA,NA,74.8,62.8,423,"Some post H.S.",11,"(38.89037138500049, -77.03196112699965)",2,"Education","3EDUC",22,"ADT1_1"
"36",2014,"DC","District Columbia","Adult","Adults aged 18+ who have visited a dentist or dental clinic in the past year","Yes","BRFSS","%","Percentage",78.7,NA,NA,81.7,75.7,2031,"College graduate",11,"(38.89037138500049, -77.03196112699965)",2,"Education","4EDUC",23,"ADT1_1"
"37",2014,"FL","Florida","Adult","Adults aged 18+ who have visited a dentist or dental clinic in the past year","Yes","BRFSS","%","Percentage",42.5,NA,NA,47.3,37.7,278,"Less than H.S.",12,"(28.932040377000476, -81.92896053899966)",2,"Education","1EDUC",20,"ADT1_1"
"38",2014,"FL","Florida","Adult","Adults aged 18+ who have visited a dentist or dental clinic in the past year","Yes","BRFSS","%","Percentage",54.3,NA,NA,56.9,51.7,1416,"H.S. or G.E.D.",12,"(28.932040377000476, -81.92896053899966)",2,"Education","2EDUC",21,"ADT1_1"
"39",2014,"FL","Florida","Adult","Adults aged 18+ who have visited a dentist or dental clinic in the past year","Yes","BRFSS","%","Percentage",67,NA,NA,69.3,64.7,1857,"Some post H.S.",12,"(28.932040377000476, -81.92896053899966)",2,"Education","3EDUC",22,"ADT1_1"
"40",2014,"FL","Florida","Adult","Adults aged 18+ who have visited a dentist or dental clinic in the past year","Yes","BRFSS","%","Percentage",77,NA,NA,78.8,75.2,2851,"College graduate",12,"(28.932040377000476, -81.92896053899966)",2,"Education","4EDUC",23,"ADT1_1"
"41",2014,"GA","Georgia","Adult","Adults aged 18+ who have visited a dentist or dental clinic in the past year","Yes","BRFSS","%","Percentage",36.5,NA,NA,41.8,31.2,248,"Less than H.S.",13,"(32.83968109300048, -83.62758034599966)",2,"Education","1EDUC",20,"ADT1_1"
"42",2014,"GA","Georgia","Adult","Adults aged 18+ who have visited a dentist or dental clinic in the past year","Yes","BRFSS","%","Percentage",55.4,NA,NA,58.6,52.2,926,"H.S. or G.E.D.",13,"(32.83968109300048, -83.62758034599966)",2,"Education","2EDUC",21,"ADT1_1"
"43",2014,"GA","Georgia","Adult","Adults aged 18+ who have visited a dentist or dental clinic in the past year","Yes","BRFSS","%","Percentage",63.6,NA,NA,66.7,60.5,1070,"Some post H.S.",13,"(32.83968109300048, -83.62758034599966)",2,"Education","3EDUC",22,"ADT1_1"
"44",2014,"GA","Georgia","Adult","Adults aged 18+ who have visited a dentist or dental clinic in the past year","Yes","BRFSS","%","Percentage",78.5,NA,NA,80.7,76.3,1798,"College graduate",13,"(32.83968109300048, -83.62758034599966)",2,"Education","4EDUC",23,"ADT1_1"
"45",2014,"GU","Guam","Adult","Adults aged 18+ who have visited a dentist or dental clinic in the past year","Yes","BRFSS","%","Percentage",31.9,NA,NA,39.8,24,75,"Less than H.S.",66,"(13.444304, 144.793731)",2,"Education","1EDUC",20,"ADT1_1"
"46",2014,"GU","Guam","Adult","Adults aged 18+ who have visited a dentist or dental clinic in the past year","Yes","BRFSS","%","Percentage",51.8,NA,NA,56,47.6,467,"H.S. or G.E.D.",66,"(13.444304, 144.793731)",2,"Education","2EDUC",21,"ADT1_1"
"47",2014,"GU","Guam","Adult","Adults aged 18+ who have visited a dentist or dental clinic in the past year","Yes","BRFSS","%","Percentage",58.9,NA,NA,64.4,53.4,361,"Some post H.S.",66,"(13.444304, 144.793731)",2,"Education","3EDUC",22,"ADT1_1"
"48",2014,"GU","Guam","Adult","Adults aged 18+ who have visited a dentist or dental clinic in the past year","Yes","BRFSS","%","Percentage",73,NA,NA,76.9,69.1,564,"College graduate",66,"(13.444304, 144.793731)",2,"Education","4EDUC",23,"ADT1_1"
"49",2014,"HI","Hawaii","Adult","Adults aged 18+ who have visited a dentist or dental clinic in the past year","Yes","BRFSS","%","Percentage",56.6,NA,NA,63.8,49.4,165,"Less than H.S.",15,"(21.304850435000446, -157.85774940299973)",2,"Education","1EDUC",20,"ADT1_1"
"50",2014,"HI","Hawaii","Adult","Adults aged 18+ who have visited a dentist or dental clinic in the past year","Yes","BRFSS","%","Percentage",62.8,NA,NA,65.7,59.9,1155,"H.S. or G.E.D.",15,"(21.304850435000446, -157.85774940299973)",2,"Education","2EDUC",21,"ADT1_1"
"51",2014,"HI","Hawaii","Adult","Adults aged 18+ who have visited a dentist or dental clinic in the past year","Yes","BRFSS","%","Percentage",73.7,NA,NA,76.3,71.1,1442,"Some post H.S.",15,"(21.304850435000446, -157.85774940299973)",2,"Education","3EDUC",22,"ADT1_1"
"52",2014,"HI","Hawaii","Adult","Adults aged 18+ who have visited a dentist or dental clinic in the past year","Yes","BRFSS","%","Percentage",83.8,NA,NA,85.7,81.9,2347,"College graduate",15,"(21.304850435000446, -157.85774940299973)",2,"Education","4EDUC",23,"ADT1_1"
"53",2014,"ID","Idaho","Adult","Adults aged 18+ who have visited a dentist or dental clinic in the past year","Yes","BRFSS","%","Percentage",45.2,NA,NA,52.5,37.9,149,"Less than H.S.",16,"(43.682630005000476, -114.3637300419997)",2,"Education","1EDUC",20,"ADT1_1"
"54",2014,"ID","Idaho","Adult","Adults aged 18+ who have visited a dentist or dental clinic in the past year","Yes","BRFSS","%","Percentage",58.3,NA,NA,61.8,54.8,934,"H.S. or G.E.D.",16,"(43.682630005000476, -114.3637300419997)",2,"Education","2EDUC",21,"ADT1_1"
"55",2014,"ID","Idaho","Adult","Adults aged 18+ who have visited a dentist or dental clinic in the past year","Yes","BRFSS","%","Percentage",65.6,NA,NA,68.8,62.4,1103,"Some post H.S.",16,"(43.682630005000476, -114.3637300419997)",2,"Education","3EDUC",22,"ADT1_1"
"56",2014,"ID","Idaho","Adult","Adults aged 18+ who have visited a dentist or dental clinic in the past year","Yes","BRFSS","%","Percentage",80.3,NA,NA,82.8,77.8,1322,"College graduate",16,"(43.682630005000476, -114.3637300419997)",2,"Education","4EDUC",23,"ADT1_1"
"57",2014,"IL","Illinois","Adult","Adults aged 18+ who have visited a dentist or dental clinic in the past year","Yes","BRFSS","%","Percentage",38.6,NA,NA,45.3,31.9,121,"Less than H.S.",17,"(40.48501028300046, -88.99771017799969)",2,"Education","1EDUC",20,"ADT1_1"
"58",2014,"IL","Illinois","Adult","Adults aged 18+ who have visited a dentist or dental clinic in the past year","Yes","BRFSS","%","Percentage",60.2,NA,NA,63.6,56.8,786,"H.S. or G.E.D.",17,"(40.48501028300046, -88.99771017799969)",2,"Education","2EDUC",21,"ADT1_1"
"59",2014,"IL","Illinois","Adult","Adults aged 18+ who have visited a dentist or dental clinic in the past year","Yes","BRFSS","%","Percentage",67.2,NA,NA,70.5,63.9,902,"Some post H.S.",17,"(40.48501028300046, -88.99771017799969)",2,"Education","3EDUC",22,"ADT1_1"
"60",2014,"IL","Illinois","Adult","Adults aged 18+ who have visited a dentist or dental clinic in the past year","Yes","BRFSS","%","Percentage",76.4,NA,NA,78.8,74,1672,"College graduate",17,"(40.48501028300046, -88.99771017799969)",2,"Education","4EDUC",23,"ADT1_1"
"61",2014,"IN","Indiana","Adult","Adults aged 18+ who have visited a dentist or dental clinic in the past year","Yes","BRFSS","%","Percentage",35.9,NA,NA,39.9,31.9,338,"Less than H.S.",18,"(39.766910452000445, -86.14996019399968)",2,"Education","1EDUC",20,"ADT1_1"
"62",2014,"IN","Indiana","Adult","Adults aged 18+ who have visited a dentist or dental clinic in the past year","Yes","BRFSS","%","Percentage",57.8,NA,NA,59.9,55.7,2286,"H.S. or G.E.D.",18,"(39.766910452000445, -86.14996019399968)",2,"Education","2EDUC",21,"ADT1_1"
"63",2014,"IN","Indiana","Adult","Adults aged 18+ who have visited a dentist or dental clinic in the past year","Yes","BRFSS","%","Percentage",63.8,NA,NA,66.1,61.5,1926,"Some post H.S.",18,"(39.766910452000445, -86.14996019399968)",2,"Education","3EDUC",22,"ADT1_1"
"64",2014,"IN","Indiana","Adult","Adults aged 18+ who have visited a dentist or dental clinic in the past year","Yes","BRFSS","%","Percentage",81.1,NA,NA,82.8,79.4,2947,"College graduate",18,"(39.766910452000445, -86.14996019399968)",2,"Education","4EDUC",23,"ADT1_1"
"65",2014,"IA","Iowa","Adult","Adults aged 18+ who have visited a dentist or dental clinic in the past year","Yes","BRFSS","%","Percentage",50.6,NA,NA,56.6,44.6,223,"Less than H.S.",19,"(42.46940091300047, -93.81649055599968)",2,"Education","1EDUC",20,"ADT1_1"
"66",2014,"IA","Iowa","Adult","Adults aged 18+ who have visited a dentist or dental clinic in the past year","Yes","BRFSS","%","Percentage",64.7,NA,NA,67,62.4,1766,"H.S. or G.E.D.",19,"(42.46940091300047, -93.81649055599968)",2,"Education","2EDUC",21,"ADT1_1"
"67",2014,"IA","Iowa","Adult","Adults aged 18+ who have visited a dentist or dental clinic in the past year","Yes","BRFSS","%","Percentage",70.1,NA,NA,72.5,67.7,1667,"Some post H.S.",19,"(42.46940091300047, -93.81649055599968)",2,"Education","3EDUC",22,"ADT1_1"
"68",2014,"IA","Iowa","Adult","Adults aged 18+ who have visited a dentist or dental clinic in the past year","Yes","BRFSS","%","Percentage",82.6,NA,NA,84.5,80.7,2138,"College graduate",19,"(42.46940091300047, -93.81649055599968)",2,"Education","4EDUC",23,"ADT1_1"
"69",2014,"KS","Kansas","Adult","Adults aged 18+ who have visited a dentist or dental clinic in the past year","Yes","BRFSS","%","Percentage",41.4,NA,NA,45.6,37.2,311,"Less than H.S.",20,"(38.34774030000045, -98.20078122699965)",2,"Education","1EDUC",20,"ADT1_1"
"70",2014,"KS","Kansas","Adult","Adults aged 18+ who have visited a dentist or dental clinic in the past year","Yes","BRFSS","%","Percentage",59.7,NA,NA,61.6,57.8,2259,"H.S. or G.E.D.",20,"(38.34774030000045, -98.20078122699965)",2,"Education","2EDUC",21,"ADT1_1"
"71",2014,"KS","Kansas","Adult","Adults aged 18+ who have visited a dentist or dental clinic in the past year","Yes","BRFSS","%","Percentage",69.4,NA,NA,71.1,67.7,2717,"Some post H.S.",20,"(38.34774030000045, -98.20078122699965)",2,"Education","3EDUC",22,"ADT1_1"
"72",2014,"KS","Kansas","Adult","Adults aged 18+ who have visited a dentist or dental clinic in the past year","Yes","BRFSS","%","Percentage",82.7,NA,NA,84,81.4,4146,"College graduate",20,"(38.34774030000045, -98.20078122699965)",2,"Education","4EDUC",23,"ADT1_1"
"73",2014,"KY","Kentucky","Adult","Adults aged 18+ who have visited a dentist or dental clinic in the past year","Yes","BRFSS","%","Percentage",38.6,NA,NA,43.5,33.7,389,"Less than H.S.",21,"(37.645970271000465, -84.77497104799966)",2,"Education","1EDUC",20,"ADT1_1"
"74",2014,"KY","Kentucky","Adult","Adults aged 18+ who have visited a dentist or dental clinic in the past year","Yes","BRFSS","%","Percentage",58.5,NA,NA,61.1,55.9,2014,"H.S. or G.E.D.",21,"(37.645970271000465, -84.77497104799966)",2,"Education","2EDUC",21,"ADT1_1"
"75",2014,"KY","Kentucky","Adult","Adults aged 18+ who have visited a dentist or dental clinic in the past year","Yes","BRFSS","%","Percentage",65.1,NA,NA,67.8,62.4,1939,"Some post H.S.",21,"(37.645970271000465, -84.77497104799966)",2,"Education","3EDUC",22,"ADT1_1"
"76",2014,"KY","Kentucky","Adult","Adults aged 18+ who have visited a dentist or dental clinic in the past year","Yes","BRFSS","%","Percentage",78.4,NA,NA,80.7,76.1,2434,"College graduate",21,"(37.645970271000465, -84.77497104799966)",2,"Education","4EDUC",23,"ADT1_1"
"77",2014,"LA","Louisiana","Adult","Adults aged 18+ who have visited a dentist or dental clinic in the past year","Yes","BRFSS","%","Percentage",36.3,NA,NA,40.8,31.8,256,"Less than H.S.",22,"(31.31266064400046, -92.44568007099969)",2,"Education","1EDUC",20,"ADT1_1"
"78",2014,"LA","Louisiana","Adult","Adults aged 18+ who have visited a dentist or dental clinic in the past year","Yes","BRFSS","%","Percentage",53.9,NA,NA,56.5,51.3,1106,"H.S. or G.E.D.",22,"(31.31266064400046, -92.44568007099969)",2,"Education","2EDUC",21,"ADT1_1"
"79",2014,"LA","Louisiana","Adult","Adults aged 18+ who have visited a dentist or dental clinic in the past year","Yes","BRFSS","%","Percentage",64.9,NA,NA,67.6,62.2,1147,"Some post H.S.",22,"(31.31266064400046, -92.44568007099969)",2,"Education","3EDUC",22,"ADT1_1"
"80",2014,"LA","Louisiana","Adult","Adults aged 18+ who have visited a dentist or dental clinic in the past year","Yes","BRFSS","%","Percentage",75.5,NA,NA,77.8,73.2,1491,"College graduate",22,"(31.31266064400046, -92.44568007099969)",2,"Education","4EDUC",23,"ADT1_1"
"81",2014,"ME","Maine","Adult","Adults aged 18+ who have visited a dentist or dental clinic in the past year","Yes","BRFSS","%","Percentage",36.1,NA,NA,42.3,29.9,136,"Less than H.S.",23,"(45.254228894000505, -68.98503133599962)",2,"Education","1EDUC",20,"ADT1_1"
"82",2014,"ME","Maine","Adult","Adults aged 18+ who have visited a dentist or dental clinic in the past year","Yes","BRFSS","%","Percentage",54.5,NA,NA,57,52,1479,"H.S. or G.E.D.",23,"(45.254228894000505, -68.98503133599962)",2,"Education","2EDUC",21,"ADT1_1"
"83",2014,"ME","Maine","Adult","Adults aged 18+ who have visited a dentist or dental clinic in the past year","Yes","BRFSS","%","Percentage",66.1,NA,NA,68.6,63.6,1571,"Some post H.S.",23,"(45.254228894000505, -68.98503133599962)",2,"Education","3EDUC",22,"ADT1_1"
"84",2014,"ME","Maine","Adult","Adults aged 18+ who have visited a dentist or dental clinic in the past year","Yes","BRFSS","%","Percentage",82.8,NA,NA,84.5,81.1,2926,"College graduate",23,"(45.254228894000505, -68.98503133599962)",2,"Education","4EDUC",23,"ADT1_1"
"85",2014,"MD","Maryland","Adult","Adults aged 18+ who have visited a dentist or dental clinic in the past year","Yes","BRFSS","%","Percentage",48.5,NA,NA,55.1,41.9,282,"Less than H.S.",24,"(39.29058096400047, -76.60926011099963)",2,"Education","1EDUC",20,"ADT1_1"
"86",2014,"MD","Maryland","Adult","Adults aged 18+ who have visited a dentist or dental clinic in the past year","Yes","BRFSS","%","Percentage",63.7,NA,NA,66.9,60.5,2124,"H.S. or G.E.D.",24,"(39.29058096400047, -76.60926011099963)",2,"Education","2EDUC",21,"ADT1_1"
"87",2014,"MD","Maryland","Adult","Adults aged 18+ who have visited a dentist or dental clinic in the past year","Yes","BRFSS","%","Percentage",72.4,NA,NA,75.3,69.5,2159,"Some post H.S.",24,"(39.29058096400047, -76.60926011099963)",2,"Education","3EDUC",22,"ADT1_1"
"88",2014,"MD","Maryland","Adult","Adults aged 18+ who have visited a dentist or dental clinic in the past year","Yes","BRFSS","%","Percentage",81,NA,NA,82.9,79.1,4676,"College graduate",24,"(39.29058096400047, -76.60926011099963)",2,"Education","4EDUC",23,"ADT1_1"
"89",2014,"MA","Massachusetts","Adult","Adults aged 18+ who have visited a dentist or dental clinic in the past year","Yes","BRFSS","%","Percentage",59.7,NA,NA,64.6,54.8,459,"Less than H.S.",25,"(42.27687047000046, -72.08269067499964)",2,"Education","1EDUC",20,"ADT1_1"
"90",2014,"MA","Massachusetts","Adult","Adults aged 18+ who have visited a dentist or dental clinic in the past year","Yes","BRFSS","%","Percentage",67.7,NA,NA,70.1,65.3,2243,"H.S. or G.E.D.",25,"(42.27687047000046, -72.08269067499964)",2,"Education","2EDUC",21,"ADT1_1"
"91",2014,"MA","Massachusetts","Adult","Adults aged 18+ who have visited a dentist or dental clinic in the past year","Yes","BRFSS","%","Percentage",74.6,NA,NA,76.7,72.5,2683,"Some post H.S.",25,"(42.27687047000046, -72.08269067499964)",2,"Education","3EDUC",22,"ADT1_1"
"92",2014,"MA","Massachusetts","Adult","Adults aged 18+ who have visited a dentist or dental clinic in the past year","Yes","BRFSS","%","Percentage",84.3,NA,NA,85.5,83.1,6007,"College graduate",25,"(42.27687047000046, -72.08269067499964)",2,"Education","4EDUC",23,"ADT1_1"
"93",2014,"MI","Michigan","Adult","Adults aged 18+ who have visited a dentist or dental clinic in the past year","Yes","BRFSS","%","Percentage",47.1,NA,NA,52.8,41.4,197,"Less than H.S.",26,"(44.6613195430005, -84.71439026999968)",2,"Education","1EDUC",20,"ADT1_1"
"94",2014,"MI","Michigan","Adult","Adults aged 18+ who have visited a dentist or dental clinic in the past year","Yes","BRFSS","%","Percentage",63.7,NA,NA,66.1,61.3,1477,"H.S. or G.E.D.",26,"(44.6613195430005, -84.71439026999968)",2,"Education","2EDUC",21,"ADT1_1"
"95",2014,"MI","Michigan","Adult","Adults aged 18+ who have visited a dentist or dental clinic in the past year","Yes","BRFSS","%","Percentage",69.8,NA,NA,72,67.6,1769,"Some post H.S.",26,"(44.6613195430005, -84.71439026999968)",2,"Education","3EDUC",22,"ADT1_1"
"96",2014,"MI","Michigan","Adult","Adults aged 18+ who have visited a dentist or dental clinic in the past year","Yes","BRFSS","%","Percentage",83.5,NA,NA,85.1,81.9,2719,"College graduate",26,"(44.6613195430005, -84.71439026999968)",2,"Education","4EDUC",23,"ADT1_1"
"97",2014,"MN","Minnesota","Adult","Adults aged 18+ who have visited a dentist or dental clinic in the past year","Yes","BRFSS","%","Percentage",55.9,NA,NA,60.5,51.3,332,"Less than H.S.",27,"(46.35564873600049, -94.79420050299967)",2,"Education","1EDUC",20,"ADT1_1"
"98",2014,"MN","Minnesota","Adult","Adults aged 18+ who have visited a dentist or dental clinic in the past year","Yes","BRFSS","%","Percentage",66.2,NA,NA,67.9,64.5,2694,"H.S. or G.E.D.",27,"(46.35564873600049, -94.79420050299967)",2,"Education","2EDUC",21,"ADT1_1"
"99",2014,"MN","Minnesota","Adult","Adults aged 18+ who have visited a dentist or dental clinic in the past year","Yes","BRFSS","%","Percentage",73.7,NA,NA,75.1,72.3,3767,"Some post H.S.",27,"(46.35564873600049, -94.79420050299967)",2,"Education","3EDUC",22,"ADT1_1"
"100",2014,"MN","Minnesota","Adult","Adults aged 18+ who have visited a dentist or dental clinic in the past year","Yes","BRFSS","%","Percentage",82.3,NA,NA,83.4,81.2,5346,"College graduate",27,"(46.35564873600049, -94.79420050299967)",2,"Education","4EDUC",23,"ADT1_1"
"101",2014,"MS","Mississippi","Adult","Adults aged 18+ who have visited a dentist or dental clinic in the past year","Yes","BRFSS","%","Percentage",36,NA,NA,42,30,175,"Less than H.S.",28,"(32.745510099000455, -89.53803082499968)",2,"Education","1EDUC",20,"ADT1_1"
"102",2014,"MS","Mississippi","Adult","Adults aged 18+ who have visited a dentist or dental clinic in the past year","Yes","BRFSS","%","Percentage",55.3,NA,NA,59,51.6,681,"H.S. or G.E.D.",28,"(32.745510099000455, -89.53803082499968)",2,"Education","2EDUC",21,"ADT1_1"
"103",2014,"MS","Mississippi","Adult","Adults aged 18+ who have visited a dentist or dental clinic in the past year","Yes","BRFSS","%","Percentage",59.5,NA,NA,63.4,55.6,669,"Some post H.S.",28,"(32.745510099000455, -89.53803082499968)",2,"Education","3EDUC",22,"ADT1_1"
"104",2014,"MS","Mississippi","Adult","Adults aged 18+ who have visited a dentist or dental clinic in the past year","Yes","BRFSS","%","Percentage",75.4,NA,NA,78.7,72.1,895,"College graduate",28,"(32.745510099000455, -89.53803082499968)",2,"Education","4EDUC",23,"ADT1_1"
"105",2014,"MO","Missouri","Adult","Adults aged 18+ who have visited a dentist or dental clinic in the past year","Yes","BRFSS","%","Percentage",37.3,NA,NA,43.2,31.4,216,"Less than H.S.",29,"(38.635790776000476, -92.56630005299968)",2,"Education","1EDUC",20,"ADT1_1"
"106",2014,"MO","Missouri","Adult","Adults aged 18+ who have visited a dentist or dental clinic in the past year","Yes","BRFSS","%","Percentage",52.3,NA,NA,55.4,49.2,1137,"H.S. or G.E.D.",29,"(38.635790776000476, -92.56630005299968)",2,"Education","2EDUC",21,"ADT1_1"
"107",2014,"MO","Missouri","Adult","Adults aged 18+ who have visited a dentist or dental clinic in the past year","Yes","BRFSS","%","Percentage",61.7,NA,NA,64.9,58.5,1148,"Some post H.S.",29,"(38.635790776000476, -92.56630005299968)",2,"Education","3EDUC",22,"ADT1_1"
"108",2014,"MO","Missouri","Adult","Adults aged 18+ who have visited a dentist or dental clinic in the past year","Yes","BRFSS","%","Percentage",74.3,NA,NA,77.1,71.5,1583,"College graduate",29,"(38.635790776000476, -92.56630005299968)",2,"Education","4EDUC",23,"ADT1_1"
"109",2014,"MT","Montana","Adult","Adults aged 18+ who have visited a dentist or dental clinic in the past year","Yes","BRFSS","%","Percentage",48,NA,NA,54.6,41.4,211,"Less than H.S.",30,"(47.06652897200047, -109.42442064499971)",2,"Education","1EDUC",20,"ADT1_1"
"110",2014,"MT","Montana","Adult","Adults aged 18+ who have visited a dentist or dental clinic in the past year","Yes","BRFSS","%","Percentage",54,NA,NA,57.1,50.9,1226,"H.S. or G.E.D.",30,"(47.06652897200047, -109.42442064499971)",2,"Education","2EDUC",21,"ADT1_1"
"111",2014,"MT","Montana","Adult","Adults aged 18+ who have visited a dentist or dental clinic in the past year","Yes","BRFSS","%","Percentage",63.6,NA,NA,66.6,60.6,1394,"Some post H.S.",30,"(47.06652897200047, -109.42442064499971)",2,"Education","3EDUC",22,"ADT1_1"
"112",2014,"MT","Montana","Adult","Adults aged 18+ who have visited a dentist or dental clinic in the past year","Yes","BRFSS","%","Percentage",75.7,NA,NA,78.2,73.2,1939,"College graduate",30,"(47.06652897200047, -109.42442064499971)",2,"Education","4EDUC",23,"ADT1_1"
"113",2014,"NE","Nebraska","Adult","Adults aged 18+ who have visited a dentist or dental clinic in the past year","Yes","BRFSS","%","Percentage",41.1,NA,NA,45.3,36.9,544,"Less than H.S.",31,"(41.6410409880005, -99.36572062299967)",2,"Education","1EDUC",20,"ADT1_1"
"114",2014,"NE","Nebraska","Adult","Adults aged 18+ who have visited a dentist or dental clinic in the past year","Yes","BRFSS","%","Percentage",59.6,NA,NA,61.4,57.8,4448,"H.S. or G.E.D.",31,"(41.6410409880005, -99.36572062299967)",2,"Education","2EDUC",21,"ADT1_1"
"115",2014,"NE","Nebraska","Adult","Adults aged 18+ who have visited a dentist or dental clinic in the past year","Yes","BRFSS","%","Percentage",68.9,NA,NA,70.7,67.1,4485,"Some post H.S.",31,"(41.6410409880005, -99.36572062299967)",2,"Education","3EDUC",22,"ADT1_1"
"116",2014,"NE","Nebraska","Adult","Adults aged 18+ who have visited a dentist or dental clinic in the past year","Yes","BRFSS","%","Percentage",80.6,NA,NA,82,79.2,5324,"College graduate",31,"(41.6410409880005, -99.36572062299967)",2,"Education","4EDUC",23,"ADT1_1"
"117",2014,"NV","Nevada","Adult","Adults aged 18+ who have visited a dentist or dental clinic in the past year","Yes","BRFSS","%","Percentage",36.6,NA,NA,44.2,29,109,"Less than H.S.",32,"(39.493240390000494, -117.07184056399967)",2,"Education","1EDUC",20,"ADT1_1"
"118",2014,"NV","Nevada","Adult","Adults aged 18+ who have visited a dentist or dental clinic in the past year","Yes","BRFSS","%","Percentage",54.3,NA,NA,59,49.6,538,"H.S. or G.E.D.",32,"(39.493240390000494, -117.07184056399967)",2,"Education","2EDUC",21,"ADT1_1"
"119",2014,"NV","Nevada","Adult","Adults aged 18+ who have visited a dentist or dental clinic in the past year","Yes","BRFSS","%","Percentage",65.6,NA,NA,69.5,61.7,787,"Some post H.S.",32,"(39.493240390000494, -117.07184056399967)",2,"Education","3EDUC",22,"ADT1_1"
"120",2014,"NV","Nevada","Adult","Adults aged 18+ who have visited a dentist or dental clinic in the past year","Yes","BRFSS","%","Percentage",77,NA,NA,81.2,72.8,944,"College graduate",32,"(39.493240390000494, -117.07184056399967)",2,"Education","4EDUC",23,"ADT1_1"
"121",2014,"NH","New Hampshire","Adult","Adults aged 18+ who have visited a dentist or dental clinic in the past year","Yes","BRFSS","%","Percentage",42.3,NA,NA,51,33.6,102,"Less than H.S.",33,"(43.65595011300047, -71.50036091999965)",2,"Education","1EDUC",20,"ADT1_1"
"122",2014,"NH","New Hampshire","Adult","Adults aged 18+ who have visited a dentist or dental clinic in the past year","Yes","BRFSS","%","Percentage",59.7,NA,NA,63.1,56.3,1017,"H.S. or G.E.D.",33,"(43.65595011300047, -71.50036091999965)",2,"Education","2EDUC",21,"ADT1_1"
"123",2014,"NH","New Hampshire","Adult","Adults aged 18+ who have visited a dentist or dental clinic in the past year","Yes","BRFSS","%","Percentage",72.2,NA,NA,75.2,69.2,1133,"Some post H.S.",33,"(43.65595011300047, -71.50036091999965)",2,"Education","3EDUC",22,"ADT1_1"
"124",2014,"NH","New Hampshire","Adult","Adults aged 18+ who have visited a dentist or dental clinic in the past year","Yes","BRFSS","%","Percentage",83.8,NA,NA,85.8,81.8,2108,"College graduate",33,"(43.65595011300047, -71.50036091999965)",2,"Education","4EDUC",23,"ADT1_1"
"125",2014,"NJ","New Jersey","Adult","Adults aged 18+ who have visited a dentist or dental clinic in the past year","Yes","BRFSS","%","Percentage",49.8,NA,NA,54.3,45.3,439,"Less than H.S.",34,"(40.13057004800049, -74.27369128799967)",2,"Education","1EDUC",20,"ADT1_1"
"126",2014,"NJ","New Jersey","Adult","Adults aged 18+ who have visited a dentist or dental clinic in the past year","Yes","BRFSS","%","Percentage",66.4,NA,NA,68.7,64.1,2245,"H.S. or G.E.D.",34,"(40.13057004800049, -74.27369128799967)",2,"Education","2EDUC",21,"ADT1_1"
"127",2014,"NJ","New Jersey","Adult","Adults aged 18+ who have visited a dentist or dental clinic in the past year","Yes","BRFSS","%","Percentage",71.8,NA,NA,74.3,69.3,2254,"Some post H.S.",34,"(40.13057004800049, -74.27369128799967)",2,"Education","3EDUC",22,"ADT1_1"
"128",2014,"NJ","New Jersey","Adult","Adults aged 18+ who have visited a dentist or dental clinic in the past year","Yes","BRFSS","%","Percentage",79.6,NA,NA,81.4,77.8,4323,"College graduate",34,"(40.13057004800049, -74.27369128799967)",2,"Education","4EDUC",23,"ADT1_1"
"129",2014,"NM","New Mexico","Adult","Adults aged 18+ who have visited a dentist or dental clinic in the past year","Yes","BRFSS","%","Percentage",44.7,NA,NA,49.1,40.3,446,"Less than H.S.",35,"(34.52088095200048, -106.24058098499967)",2,"Education","1EDUC",20,"ADT1_1"
"130",2014,"NM","New Mexico","Adult","Adults aged 18+ who have visited a dentist or dental clinic in the past year","Yes","BRFSS","%","Percentage",57.2,NA,NA,60.3,54.1,1304,"H.S. or G.E.D.",35,"(34.52088095200048, -106.24058098499967)",2,"Education","2EDUC",21,"ADT1_1"
"131",2014,"NM","New Mexico","Adult","Adults aged 18+ who have visited a dentist or dental clinic in the past year","Yes","BRFSS","%","Percentage",62.9,NA,NA,65.8,60,1466,"Some post H.S.",35,"(34.52088095200048, -106.24058098499967)",2,"Education","3EDUC",22,"ADT1_1"
"132",2014,"NM","New Mexico","Adult","Adults aged 18+ who have visited a dentist or dental clinic in the past year","Yes","BRFSS","%","Percentage",75.9,NA,NA,78.5,73.3,2326,"College graduate",35,"(34.52088095200048, -106.24058098499967)",2,"Education","4EDUC",23,"ADT1_1"
"133",2014,"NY","New York","Adult","Adults aged 18+ who have visited a dentist or dental clinic in the past year","Yes","BRFSS","%","Percentage",56.2,NA,NA,61,51.4,305,"Less than H.S.",36,"(42.82700103200045, -75.54397042699964)",2,"Education","1EDUC",20,"ADT1_1"
"134",2014,"NY","New York","Adult","Adults aged 18+ who have visited a dentist or dental clinic in the past year","Yes","BRFSS","%","Percentage",63.9,NA,NA,66.8,61,987,"H.S. or G.E.D.",36,"(42.82700103200045, -75.54397042699964)",2,"Education","2EDUC",21,"ADT1_1"
"135",2014,"NY","New York","Adult","Adults aged 18+ who have visited a dentist or dental clinic in the past year","Yes","BRFSS","%","Percentage",65.8,NA,NA,68.7,62.9,1026,"Some post H.S.",36,"(42.82700103200045, -75.54397042699964)",2,"Education","3EDUC",22,"ADT1_1"
"136",2014,"NY","New York","Adult","Adults aged 18+ who have visited a dentist or dental clinic in the past year","Yes","BRFSS","%","Percentage",77.3,NA,NA,79.2,75.4,2371,"College graduate",36,"(42.82700103200045, -75.54397042699964)",2,"Education","4EDUC",23,"ADT1_1"
"137",2014,"NC","North Carolina","Adult","Adults aged 18+ who have visited a dentist or dental clinic in the past year","Yes","BRFSS","%","Percentage",37.2,NA,NA,41.1,33.3,299,"Less than H.S.",37,"(35.466220975000454, -79.15925046299964)",2,"Education","1EDUC",20,"ADT1_1"
"138",2014,"NC","North Carolina","Adult","Adults aged 18+ who have visited a dentist or dental clinic in the past year","Yes","BRFSS","%","Percentage",58.5,NA,NA,61.1,55.9,1134,"H.S. or G.E.D.",37,"(35.466220975000454, -79.15925046299964)",2,"Education","2EDUC",21,"ADT1_1"
"139",2014,"NC","North Carolina","Adult","Adults aged 18+ who have visited a dentist or dental clinic in the past year","Yes","BRFSS","%","Percentage",69.2,NA,NA,71.6,66.8,1304,"Some post H.S.",37,"(35.466220975000454, -79.15925046299964)",2,"Education","3EDUC",22,"ADT1_1"
"140",2014,"NC","North Carolina","Adult","Adults aged 18+ who have visited a dentist or dental clinic in the past year","Yes","BRFSS","%","Percentage",80.9,NA,NA,82.8,79,1941,"College graduate",37,"(35.466220975000454, -79.15925046299964)",2,"Education","4EDUC",23,"ADT1_1"
"141",2014,"ND","North Dakota","Adult","Adults aged 18+ who have visited a dentist or dental clinic in the past year","Yes","BRFSS","%","Percentage",44.8,NA,NA,51.9,37.7,206,"Less than H.S.",38,"(47.47531977900047, -100.11842104899966)",2,"Education","1EDUC",20,"ADT1_1"
"142",2014,"ND","North Dakota","Adult","Adults aged 18+ who have visited a dentist or dental clinic in the past year","Yes","BRFSS","%","Percentage",57.2,NA,NA,60.5,53.9,1406,"H.S. or G.E.D.",38,"(47.47531977900047, -100.11842104899966)",2,"Education","2EDUC",21,"ADT1_1"
"143",2014,"ND","North Dakota","Adult","Adults aged 18+ who have visited a dentist or dental clinic in the past year","Yes","BRFSS","%","Percentage",68.7,NA,NA,71.7,65.7,1772,"Some post H.S.",38,"(47.47531977900047, -100.11842104899966)",2,"Education","3EDUC",22,"ADT1_1"
"144",2014,"ND","North Dakota","Adult","Adults aged 18+ who have visited a dentist or dental clinic in the past year","Yes","BRFSS","%","Percentage",77.1,NA,NA,79.8,74.4,1956,"College graduate",38,"(47.47531977900047, -100.11842104899966)",2,"Education","4EDUC",23,"ADT1_1"
"145",2014,"OH","Ohio","Adult","Adults aged 18+ who have visited a dentist or dental clinic in the past year","Yes","BRFSS","%","Percentage",48.9,NA,NA,54.5,43.3,302,"Less than H.S.",39,"(40.06021014100048, -82.40426005599966)",2,"Education","1EDUC",20,"ADT1_1"
"146",2014,"OH","Ohio","Adult","Adults aged 18+ who have visited a dentist or dental clinic in the past year","Yes","BRFSS","%","Percentage",57.7,NA,NA,60.2,55.2,2215,"H.S. or G.E.D.",39,"(40.06021014100048, -82.40426005599966)",2,"Education","2EDUC",21,"ADT1_1"
"147",2014,"OH","Ohio","Adult","Adults aged 18+ who have visited a dentist or dental clinic in the past year","Yes","BRFSS","%","Percentage",67.4,NA,NA,70.1,64.7,1826,"Some post H.S.",39,"(40.06021014100048, -82.40426005599966)",2,"Education","3EDUC",22,"ADT1_1"
"148",2014,"OH","Ohio","Adult","Adults aged 18+ who have visited a dentist or dental clinic in the past year","Yes","BRFSS","%","Percentage",82.7,NA,NA,84.6,80.8,2834,"College graduate",39,"(40.06021014100048, -82.40426005599966)",2,"Education","4EDUC",23,"ADT1_1"
"149",2014,"OK","Oklahoma","Adult","Adults aged 18+ who have visited a dentist or dental clinic in the past year","Yes","BRFSS","%","Percentage",32.9,NA,NA,37.1,28.7,241,"Less than H.S.",40,"(35.47203135600046, -97.52107021399968)",2,"Education","1EDUC",20,"ADT1_1"
"150",2014,"OK","Oklahoma","Adult","Adults aged 18+ who have visited a dentist or dental clinic in the past year","Yes","BRFSS","%","Percentage",51.3,NA,NA,53.7,48.9,1335,"H.S. or G.E.D.",40,"(35.47203135600046, -97.52107021399968)",2,"Education","2EDUC",21,"ADT1_1"
"151",2014,"OK","Oklahoma","Adult","Adults aged 18+ who have visited a dentist or dental clinic in the past year","Yes","BRFSS","%","Percentage",59.6,NA,NA,62.1,57.1,1372,"Some post H.S.",40,"(35.47203135600046, -97.52107021399968)",2,"Education","3EDUC",22,"ADT1_1"
"152",2014,"OK","Oklahoma","Adult","Adults aged 18+ who have visited a dentist or dental clinic in the past year","Yes","BRFSS","%","Percentage",76.8,NA,NA,78.9,74.7,1949,"College graduate",40,"(35.47203135600046, -97.52107021399968)",2,"Education","4EDUC",23,"ADT1_1"
"153",2014,"OR","Oregon","Adult","Adults aged 18+ who have visited a dentist or dental clinic in the past year","Yes","BRFSS","%","Percentage",50.7,NA,NA,58.1,43.3,125,"Less than H.S.",41,"(44.56744942400047, -120.15503132599969)",2,"Education","1EDUC",20,"ADT1_1"
"154",2014,"OR","Oregon","Adult","Adults aged 18+ who have visited a dentist or dental clinic in the past year","Yes","BRFSS","%","Percentage",57.1,NA,NA,60.8,53.4,668,"H.S. or G.E.D.",41,"(44.56744942400047, -120.15503132599969)",2,"Education","2EDUC",21,"ADT1_1"
"155",2014,"OR","Oregon","Adult","Adults aged 18+ who have visited a dentist or dental clinic in the past year","Yes","BRFSS","%","Percentage",66.4,NA,NA,69.3,63.5,1058,"Some post H.S.",41,"(44.56744942400047, -120.15503132599969)",2,"Education","3EDUC",22,"ADT1_1"
"156",2014,"OR","Oregon","Adult","Adults aged 18+ who have visited a dentist or dental clinic in the past year","Yes","BRFSS","%","Percentage",79.1,NA,NA,81.4,76.8,1687,"College graduate",41,"(44.56744942400047, -120.15503132599969)",2,"Education","4EDUC",23,"ADT1_1"
"157",2014,"PA","Pennsylvania","Adult","Adults aged 18+ who have visited a dentist or dental clinic in the past year","Yes","BRFSS","%","Percentage",52.3,NA,NA,57.5,47.1,329,"Less than H.S.",42,"(40.79373015200048, -77.86070029399963)",2,"Education","1EDUC",20,"ADT1_1"
"158",2014,"PA","Pennsylvania","Adult","Adults aged 18+ who have visited a dentist or dental clinic in the past year","Yes","BRFSS","%","Percentage",60.1,NA,NA,62.3,57.9,2340,"H.S. or G.E.D.",42,"(40.79373015200048, -77.86070029399963)",2,"Education","2EDUC",21,"ADT1_1"
"159",2014,"PA","Pennsylvania","Adult","Adults aged 18+ who have visited a dentist or dental clinic in the past year","Yes","BRFSS","%","Percentage",69.1,NA,NA,71.6,66.6,1768,"Some post H.S.",42,"(40.79373015200048, -77.86070029399963)",2,"Education","3EDUC",22,"ADT1_1"
"160",2014,"PA","Pennsylvania","Adult","Adults aged 18+ who have visited a dentist or dental clinic in the past year","Yes","BRFSS","%","Percentage",81,NA,NA,82.7,79.3,2919,"College graduate",42,"(40.79373015200048, -77.86070029399963)",2,"Education","4EDUC",23,"ADT1_1"
"161",2014,"PR","Puerto Rico","Adult","Adults aged 18+ who have visited a dentist or dental clinic in the past year","Yes","BRFSS","%","Percentage",53.1,NA,NA,56.6,49.6,657,"Less than H.S.",72,"(18.220833, -66.590149)",2,"Education","1EDUC",20,"ADT1_1"
"162",2014,"PR","Puerto Rico","Adult","Adults aged 18+ who have visited a dentist or dental clinic in the past year","Yes","BRFSS","%","Percentage",67.3,NA,NA,70.3,64.3,976,"H.S. or G.E.D.",72,"(18.220833, -66.590149)",2,"Education","2EDUC",21,"ADT1_1"
"163",2014,"PR","Puerto Rico","Adult","Adults aged 18+ who have visited a dentist or dental clinic in the past year","Yes","BRFSS","%","Percentage",69.3,NA,NA,72.2,66.4,996,"Some post H.S.",72,"(18.220833, -66.590149)",2,"Education","3EDUC",22,"ADT1_1"
"164",2014,"PR","Puerto Rico","Adult","Adults aged 18+ who have visited a dentist or dental clinic in the past year","Yes","BRFSS","%","Percentage",73.8,NA,NA,76.4,71.2,1310,"College graduate",72,"(18.220833, -66.590149)",2,"Education","4EDUC",23,"ADT1_1"
"165",2014,"RI","Rhode Island","Adult","Adults aged 18+ who have visited a dentist or dental clinic in the past year","Yes","BRFSS","%","Percentage",50,NA,NA,56.2,43.8,225,"Less than H.S.",44,"(41.70828019300046, -71.52247031399963)",2,"Education","1EDUC",20,"ADT1_1"
"166",2014,"RI","Rhode Island","Adult","Adults aged 18+ who have visited a dentist or dental clinic in the past year","Yes","BRFSS","%","Percentage",66.3,NA,NA,69.5,63.1,1093,"H.S. or G.E.D.",44,"(41.70828019300046, -71.52247031399963)",2,"Education","2EDUC",21,"ADT1_1"
"167",2014,"RI","Rhode Island","Adult","Adults aged 18+ who have visited a dentist or dental clinic in the past year","Yes","BRFSS","%","Percentage",77,NA,NA,79.8,74.2,1155,"Some post H.S.",44,"(41.70828019300046, -71.52247031399963)",2,"Education","3EDUC",22,"ADT1_1"
"168",2014,"RI","Rhode Island","Adult","Adults aged 18+ who have visited a dentist or dental clinic in the past year","Yes","BRFSS","%","Percentage",84.1,NA,NA,86.1,82.1,2298,"College graduate",44,"(41.70828019300046, -71.52247031399963)",2,"Education","4EDUC",23,"ADT1_1"
"169",2014,"SC","South Carolina","Adult","Adults aged 18+ who have visited a dentist or dental clinic in the past year","Yes","BRFSS","%","Percentage",33,NA,NA,36.8,29.2,379,"Less than H.S.",45,"(33.998821303000454, -81.04537120699968)",2,"Education","1EDUC",20,"ADT1_1"
"170",2014,"SC","South Carolina","Adult","Adults aged 18+ who have visited a dentist or dental clinic in the past year","Yes","BRFSS","%","Percentage",51.9,NA,NA,54.2,49.6,1629,"H.S. or G.E.D.",45,"(33.998821303000454, -81.04537120699968)",2,"Education","2EDUC",21,"ADT1_1"
"171",2014,"SC","South Carolina","Adult","Adults aged 18+ who have visited a dentist or dental clinic in the past year","Yes","BRFSS","%","Percentage",62.9,NA,NA,65.2,60.6,1851,"Some post H.S.",45,"(33.998821303000454, -81.04537120699968)",2,"Education","3EDUC",22,"ADT1_1"
"172",2014,"SC","South Carolina","Adult","Adults aged 18+ who have visited a dentist or dental clinic in the past year","Yes","BRFSS","%","Percentage",78.4,NA,NA,80.2,76.6,2784,"College graduate",45,"(33.998821303000454, -81.04537120699968)",2,"Education","4EDUC",23,"ADT1_1"
"173",2014,"SD","South Dakota","Adult","Adults aged 18+ who have visited a dentist or dental clinic in the past year","Yes","BRFSS","%","Percentage",52.6,NA,NA,60.7,44.5,247,"Less than H.S.",46,"(44.353130053000484, -100.3735306369997)",2,"Education","1EDUC",20,"ADT1_1"
"174",2014,"SD","South Dakota","Adult","Adults aged 18+ who have visited a dentist or dental clinic in the past year","Yes","BRFSS","%","Percentage",63.7,NA,NA,67.2,60.2,1361,"H.S. or G.E.D.",46,"(44.353130053000484, -100.3735306369997)",2,"Education","2EDUC",21,"ADT1_1"
"175",2014,"SD","South Dakota","Adult","Adults aged 18+ who have visited a dentist or dental clinic in the past year","Yes","BRFSS","%","Percentage",74.9,NA,NA,78.1,71.7,1627,"Some post H.S.",46,"(44.353130053000484, -100.3735306369997)",2,"Education","3EDUC",22,"ADT1_1"
"176",2014,"SD","South Dakota","Adult","Adults aged 18+ who have visited a dentist or dental clinic in the past year","Yes","BRFSS","%","Percentage",81.5,NA,NA,84.3,78.7,2004,"College graduate",46,"(44.353130053000484, -100.3735306369997)",2,"Education","4EDUC",23,"ADT1_1"
"177",2014,"TN","Tennessee","Adult","Adults aged 18+ who have visited a dentist or dental clinic in the past year","Yes","BRFSS","%","Percentage",28.7,NA,NA,34.2,23.2,168,"Less than H.S.",47,"(35.68094058000048, -85.77449091399967)",2,"Education","1EDUC",20,"ADT1_1"
"178",2014,"TN","Tennessee","Adult","Adults aged 18+ who have visited a dentist or dental clinic in the past year","Yes","BRFSS","%","Percentage",56.8,NA,NA,60.2,53.4,922,"H.S. or G.E.D.",47,"(35.68094058000048, -85.77449091399967)",2,"Education","2EDUC",21,"ADT1_1"
"179",2014,"TN","Tennessee","Adult","Adults aged 18+ who have visited a dentist or dental clinic in the past year","Yes","BRFSS","%","Percentage",61.9,NA,NA,65.8,58,772,"Some post H.S.",47,"(35.68094058000048, -85.77449091399967)",2,"Education","3EDUC",22,"ADT1_1"
"180",2014,"TN","Tennessee","Adult","Adults aged 18+ who have visited a dentist or dental clinic in the past year","Yes","BRFSS","%","Percentage",77.7,NA,NA,80.7,74.7,1109,"College graduate",47,"(35.68094058000048, -85.77449091399967)",2,"Education","4EDUC",23,"ADT1_1"
"181",2014,"TX","Texas","Adult","Adults aged 18+ who have visited a dentist or dental clinic in the past year","Yes","BRFSS","%","Percentage",38,NA,NA,41.3,34.7,804,"Less than H.S.",48,"(31.827240407000488, -99.42677020599967)",2,"Education","1EDUC",20,"ADT1_1"
"182",2014,"TX","Texas","Adult","Adults aged 18+ who have visited a dentist or dental clinic in the past year","Yes","BRFSS","%","Percentage",54.9,NA,NA,57.6,52.2,1965,"H.S. or G.E.D.",48,"(31.827240407000488, -99.42677020599967)",2,"Education","2EDUC",21,"ADT1_1"
"183",2014,"TX","Texas","Adult","Adults aged 18+ who have visited a dentist or dental clinic in the past year","Yes","BRFSS","%","Percentage",59.5,NA,NA,62.1,56.9,2429,"Some post H.S.",48,"(31.827240407000488, -99.42677020599967)",2,"Education","3EDUC",22,"ADT1_1"
"184",2014,"TX","Texas","Adult","Adults aged 18+ who have visited a dentist or dental clinic in the past year","Yes","BRFSS","%","Percentage",76.3,NA,NA,78.3,74.3,4366,"College graduate",48,"(31.827240407000488, -99.42677020599967)",2,"Education","4EDUC",23,"ADT1_1"
"185",2014,"US","United States","Adult","Adults aged 18+ who have visited a dentist or dental clinic in the past year","Yes","BRFSS","%","Percentage",43.3,NA,NA,44.3,42.3,13622,"Less than H.S.",NA,NA,1,"Education","1EDUC",20,"ADT1_1"
"186",2014,"US","United States","Adult","Adults aged 18+ who have visited a dentist or dental clinic in the past year","Yes","BRFSS","%","Percentage",58.9,NA,NA,59.4,58.4,74594,"H.S. or G.E.D.",NA,NA,1,"Education","2EDUC",21,"ADT1_1"
"187",2014,"US","United States","Adult","Adults aged 18+ who have visited a dentist or dental clinic in the past year","Yes","BRFSS","%","Percentage",66.8,NA,NA,67.3,66.3,83326,"Some post H.S.",NA,NA,1,"Education","3EDUC",22,"ADT1_1"
"188",2014,"US","United States","Adult","Adults aged 18+ who have visited a dentist or dental clinic in the past year","Yes","BRFSS","%","Percentage",79.3,NA,NA,79.7,78.9,133663,"College graduate",NA,NA,1,"Education","4EDUC",23,"ADT1_1"
"189",2014,"UT","Utah","Adult","Adults aged 18+ who have visited a dentist or dental clinic in the past year","Yes","BRFSS","%","Percentage",46.3,NA,NA,50.5,42.1,349,"Less than H.S.",49,"(39.360700171000474, -111.58713063499971)",2,"Education","1EDUC",20,"ADT1_1"
"190",2014,"UT","Utah","Adult","Adults aged 18+ who have visited a dentist or dental clinic in the past year","Yes","BRFSS","%","Percentage",64,NA,NA,65.8,62.2,2515,"H.S. or G.E.D.",49,"(39.360700171000474, -111.58713063499971)",2,"Education","2EDUC",21,"ADT1_1"
"191",2014,"UT","Utah","Adult","Adults aged 18+ who have visited a dentist or dental clinic in the past year","Yes","BRFSS","%","Percentage",70.3,NA,NA,71.8,68.8,3338,"Some post H.S.",49,"(39.360700171000474, -111.58713063499971)",2,"Education","3EDUC",22,"ADT1_1"
"192",2014,"UT","Utah","Adult","Adults aged 18+ who have visited a dentist or dental clinic in the past year","Yes","BRFSS","%","Percentage",79.9,NA,NA,81.2,78.6,4333,"College graduate",49,"(39.360700171000474, -111.58713063499971)",2,"Education","4EDUC",23,"ADT1_1"
"193",2014,"VT","Vermont","Adult","Adults aged 18+ who have visited a dentist or dental clinic in the past year","Yes","BRFSS","%","Percentage",47,NA,NA,54,40,122,"Less than H.S.",50,"(43.62538123900049, -72.51764079099962)",2,"Education","1EDUC",20,"ADT1_1"
"194",2014,"VT","Vermont","Adult","Adults aged 18+ who have visited a dentist or dental clinic in the past year","Yes","BRFSS","%","Percentage",63.3,NA,NA,65.8,60.8,1131,"H.S. or G.E.D.",50,"(43.62538123900049, -72.51764079099962)",2,"Education","2EDUC",21,"ADT1_1"
"195",2014,"VT","Vermont","Adult","Adults aged 18+ who have visited a dentist or dental clinic in the past year","Yes","BRFSS","%","Percentage",74.9,NA,NA,77.4,72.4,1080,"Some post H.S.",50,"(43.62538123900049, -72.51764079099962)",2,"Education","3EDUC",22,"ADT1_1"
"196",2014,"VT","Vermont","Adult","Adults aged 18+ who have visited a dentist or dental clinic in the past year","Yes","BRFSS","%","Percentage",85.2,NA,NA,86.7,83.7,2379,"College graduate",50,"(43.62538123900049, -72.51764079099962)",2,"Education","4EDUC",23,"ADT1_1"
"197",2014,"VA","Virginia","Adult","Adults aged 18+ who have visited a dentist or dental clinic in the past year","Yes","BRFSS","%","Percentage",44,NA,NA,49.1,38.9,281,"Less than H.S.",51,"(37.54268067400045, -78.45789046299967)",2,"Education","1EDUC",20,"ADT1_1"
"198",2014,"VA","Virginia","Adult","Adults aged 18+ who have visited a dentist or dental clinic in the past year","Yes","BRFSS","%","Percentage",62.5,NA,NA,65,60,1486,"H.S. or G.E.D.",51,"(37.54268067400045, -78.45789046299967)",2,"Education","2EDUC",21,"ADT1_1"
"199",2014,"VA","Virginia","Adult","Adults aged 18+ who have visited a dentist or dental clinic in the past year","Yes","BRFSS","%","Percentage",70.9,NA,NA,73.3,68.5,1700,"Some post H.S.",51,"(37.54268067400045, -78.45789046299967)",2,"Education","3EDUC",22,"ADT1_1"
"200",2014,"VA","Virginia","Adult","Adults aged 18+ who have visited a dentist or dental clinic in the past year","Yes","BRFSS","%","Percentage",83.5,NA,NA,85.1,81.9,3257,"College graduate",51,"(37.54268067400045, -78.45789046299967)",2,"Education","4EDUC",23,"ADT1_1"
"201",2014,"WA","Washington","Adult","Adults aged 18+ who have visited a dentist or dental clinic in the past year","Yes","BRFSS","%","Percentage",44.4,NA,NA,50.2,38.6,214,"Less than H.S.",53,"(47.52227862900048, -120.47001078999972)",2,"Education","1EDUC",20,"ADT1_1"
"202",2014,"WA","Washington","Adult","Adults aged 18+ who have visited a dentist or dental clinic in the past year","Yes","BRFSS","%","Percentage",59.1,NA,NA,61.9,56.3,1272,"H.S. or G.E.D.",53,"(47.52227862900048, -120.47001078999972)",2,"Education","2EDUC",21,"ADT1_1"
"203",2014,"WA","Washington","Adult","Adults aged 18+ who have visited a dentist or dental clinic in the past year","Yes","BRFSS","%","Percentage",67.8,NA,NA,70.1,65.5,2070,"Some post H.S.",53,"(47.52227862900048, -120.47001078999972)",2,"Education","3EDUC",22,"ADT1_1"
"204",2014,"WA","Washington","Adult","Adults aged 18+ who have visited a dentist or dental clinic in the past year","Yes","BRFSS","%","Percentage",81.3,NA,NA,82.9,79.7,3638,"College graduate",53,"(47.52227862900048, -120.47001078999972)",2,"Education","4EDUC",23,"ADT1_1"
"205",2014,"WV","West Virginia","Adult","Adults aged 18+ who have visited a dentist or dental clinic in the past year","Yes","BRFSS","%","Percentage",31,NA,NA,35.1,26.9,205,"Less than H.S.",54,"(38.66551020200046, -80.71264013499967)",2,"Education","1EDUC",20,"ADT1_1"
"206",2014,"WV","West Virginia","Adult","Adults aged 18+ who have visited a dentist or dental clinic in the past year","Yes","BRFSS","%","Percentage",50.7,NA,NA,53.2,48.2,1172,"H.S. or G.E.D.",54,"(38.66551020200046, -80.71264013499967)",2,"Education","2EDUC",21,"ADT1_1"
"207",2014,"WV","West Virginia","Adult","Adults aged 18+ who have visited a dentist or dental clinic in the past year","Yes","BRFSS","%","Percentage",60.2,NA,NA,63.2,57.2,920,"Some post H.S.",54,"(38.66551020200046, -80.71264013499967)",2,"Education","3EDUC",22,"ADT1_1"
"208",2014,"WV","West Virginia","Adult","Adults aged 18+ who have visited a dentist or dental clinic in the past year","Yes","BRFSS","%","Percentage",75.8,NA,NA,78.6,73,1183,"College graduate",54,"(38.66551020200046, -80.71264013499967)",2,"Education","4EDUC",23,"ADT1_1"
"209",2014,"WI","Wisconsin","Adult","Adults aged 18+ who have visited a dentist or dental clinic in the past year","Yes","BRFSS","%","Percentage",56,NA,NA,63.2,48.8,193,"Less than H.S.",55,"(44.39319117400049, -89.81637074199966)",2,"Education","1EDUC",20,"ADT1_1"
"210",2014,"WI","Wisconsin","Adult","Adults aged 18+ who have visited a dentist or dental clinic in the past year","Yes","BRFSS","%","Percentage",63,NA,NA,65.8,60.2,1517,"H.S. or G.E.D.",55,"(44.39319117400049, -89.81637074199966)",2,"Education","2EDUC",21,"ADT1_1"
"211",2014,"WI","Wisconsin","Adult","Adults aged 18+ who have visited a dentist or dental clinic in the past year","Yes","BRFSS","%","Percentage",71.9,NA,NA,74.7,69.1,1490,"Some post H.S.",55,"(44.39319117400049, -89.81637074199966)",2,"Education","3EDUC",22,"ADT1_1"
"212",2014,"WI","Wisconsin","Adult","Adults aged 18+ who have visited a dentist or dental clinic in the past year","Yes","BRFSS","%","Percentage",83.8,NA,NA,86,81.6,1858,"College graduate",55,"(44.39319117400049, -89.81637074199966)",2,"Education","4EDUC",23,"ADT1_1"
"213",2014,"WY","Wyoming","Adult","Adults aged 18+ who have visited a dentist or dental clinic in the past year","Yes","BRFSS","%","Percentage",35.9,NA,NA,44.3,27.5,133,"Less than H.S.",56,"(43.23554134300048, -108.10983035299967)",2,"Education","1EDUC",20,"ADT1_1"
"214",2014,"WY","Wyoming","Adult","Adults aged 18+ who have visited a dentist or dental clinic in the past year","Yes","BRFSS","%","Percentage",62.1,NA,NA,65.9,58.3,1158,"H.S. or G.E.D.",56,"(43.23554134300048, -108.10983035299967)",2,"Education","2EDUC",21,"ADT1_1"
"215",2014,"WY","Wyoming","Adult","Adults aged 18+ who have visited a dentist or dental clinic in the past year","Yes","BRFSS","%","Percentage",65.2,NA,NA,68.8,61.6,1321,"Some post H.S.",56,"(43.23554134300048, -108.10983035299967)",2,"Education","3EDUC",22,"ADT1_1"
"216",2014,"WY","Wyoming","Adult","Adults aged 18+ who have visited a dentist or dental clinic in the past year","Yes","BRFSS","%","Percentage",79.5,NA,NA,82.4,76.6,1757,"College graduate",56,"(43.23554134300048, -108.10983035299967)",2,"Education","4EDUC",23,"ADT1_1"
