"","Year","LocationAbbr","LocationDesc","Indicator","Response","Data_Value","Break_Out","LocationID","GeoLocation","Break_Out_Category"
"1",2014,"AL","Alabama","Adults aged 18+ who have visited a dentist or dental clinic in the past year","Yes",62.5,"White",1,"(32.84057112200048, -86.63186076199969)","Race"
"2",2014,"AL","Alabama","Adults aged 18+ who have visited a dentist or dental clinic in the past year","Yes",53,"Black",1,"(32.84057112200048, -86.63186076199969)","Race"
"3",2014,"AL","Alabama","Adults aged 18+ who have visited a dentist or dental clinic in the past year","Yes",68.7,"Hispanic",1,"(32.84057112200048, -86.63186076199969)","Race"
"4",2014,"AL","Alabama","Adults aged 18+ who have visited a dentist or dental clinic in the past year","Yes",56.7,"Other",1,"(32.84057112200048, -86.63186076199969)","Race"
"5",2014,"AL","Alabama","Adults aged 18+ who have visited a dentist or dental clinic in the past year","Yes",50.5,"MultiRacial",1,"(32.84057112200048, -86.63186076199969)","Race"
"6",2014,"AK","Alaska","Adults aged 18+ who have visited a dentist or dental clinic in the past year","Yes",66.1,"White",2,"(64.84507995700051, -147.72205903599973)","Race"
"7",2014,"AK","Alaska","Adults aged 18+ who have visited a dentist or dental clinic in the past year","Yes",57.5,"Black",2,"(64.84507995700051, -147.72205903599973)","Race"
"8",2014,"AK","Alaska","Adults aged 18+ who have visited a dentist or dental clinic in the past year","Yes",62.8,"Hispanic",2,"(64.84507995700051, -147.72205903599973)","Race"
"9",2014,"AK","Alaska","Adults aged 18+ who have visited a dentist or dental clinic in the past year","Yes",58,"Other",2,"(64.84507995700051, -147.72205903599973)","Race"
"10",2014,"AK","Alaska","Adults aged 18+ who have visited a dentist or dental clinic in the past year","Yes",76.6,"MultiRacial",2,"(64.84507995700051, -147.72205903599973)","Race"
"11",2014,"AZ","Arizona","Adults aged 18+ who have visited a dentist or dental clinic in the past year","Yes",64.5,"White",4,"(34.865970280000454, -111.76381127699972)","Race"
"12",2014,"AZ","Arizona","Adults aged 18+ who have visited a dentist or dental clinic in the past year","Yes",54.8,"Black",4,"(34.865970280000454, -111.76381127699972)","Race"
"13",2014,"AZ","Arizona","Adults aged 18+ who have visited a dentist or dental clinic in the past year","Yes",47.8,"Hispanic",4,"(34.865970280000454, -111.76381127699972)","Race"
"14",2014,"AZ","Arizona","Adults aged 18+ who have visited a dentist or dental clinic in the past year","Yes",58.4,"Other",4,"(34.865970280000454, -111.76381127699972)","Race"
"15",2014,"AZ","Arizona","Adults aged 18+ who have visited a dentist or dental clinic in the past year","Yes",54.1,"MultiRacial",4,"(34.865970280000454, -111.76381127699972)","Race"
"16",2014,"AR","Arkansas","Adults aged 18+ who have visited a dentist or dental clinic in the past year","Yes",58.4,"White",5,"(34.74865012400045, -92.27449074299966)","Race"
"17",2014,"AR","Arkansas","Adults aged 18+ who have visited a dentist or dental clinic in the past year","Yes",54.1,"Black",5,"(34.74865012400045, -92.27449074299966)","Race"
"18",2014,"AR","Arkansas","Adults aged 18+ who have visited a dentist or dental clinic in the past year","Yes",56,"Hispanic",5,"(34.74865012400045, -92.27449074299966)","Race"
"19",2014,"AR","Arkansas","Adults aged 18+ who have visited a dentist or dental clinic in the past year","Yes",41.2,"Other",5,"(34.74865012400045, -92.27449074299966)","Race"
"20",2014,"AR","Arkansas","Adults aged 18+ who have visited a dentist or dental clinic in the past year","Yes",48.8,"MultiRacial",5,"(34.74865012400045, -92.27449074299966)","Race"
"21",2014,"CA","California","Adults aged 18+ who have visited a dentist or dental clinic in the past year","Yes",72.5,"White",6,"(37.63864012300047, -120.99999953799971)","Race"
"22",2014,"CA","California","Adults aged 18+ who have visited a dentist or dental clinic in the past year","Yes",56.3,"Black",6,"(37.63864012300047, -120.99999953799971)","Race"
"23",2014,"CA","California","Adults aged 18+ who have visited a dentist or dental clinic in the past year","Yes",55,"Hispanic",6,"(37.63864012300047, -120.99999953799971)","Race"
"24",2014,"CA","California","Adults aged 18+ who have visited a dentist or dental clinic in the past year","Yes",71,"Other",6,"(37.63864012300047, -120.99999953799971)","Race"
"25",2014,"CA","California","Adults aged 18+ who have visited a dentist or dental clinic in the past year","Yes",58.4,"MultiRacial",6,"(37.63864012300047, -120.99999953799971)","Race"
"26",2014,"CO","Colorado","Adults aged 18+ who have visited a dentist or dental clinic in the past year","Yes",71.1,"White",8,"(38.843840757000464, -106.13361092099967)","Race"
"27",2014,"CO","Colorado","Adults aged 18+ who have visited a dentist or dental clinic in the past year","Yes",55.3,"Black",8,"(38.843840757000464, -106.13361092099967)","Race"
"28",2014,"CO","Colorado","Adults aged 18+ who have visited a dentist or dental clinic in the past year","Yes",53.9,"Hispanic",8,"(38.843840757000464, -106.13361092099967)","Race"
"29",2014,"CO","Colorado","Adults aged 18+ who have visited a dentist or dental clinic in the past year","Yes",67.2,"Other",8,"(38.843840757000464, -106.13361092099967)","Race"
"30",2014,"CO","Colorado","Adults aged 18+ who have visited a dentist or dental clinic in the past year","Yes",65,"MultiRacial",8,"(38.843840757000464, -106.13361092099967)","Race"
"31",2014,"CT","Connecticut","Adults aged 18+ who have visited a dentist or dental clinic in the past year","Yes",78.9,"White",9,"(41.56266102000046, -72.64984095199964)","Race"
"32",2014,"CT","Connecticut","Adults aged 18+ who have visited a dentist or dental clinic in the past year","Yes",64.2,"Black",9,"(41.56266102000046, -72.64984095199964)","Race"
"33",2014,"CT","Connecticut","Adults aged 18+ who have visited a dentist or dental clinic in the past year","Yes",64.9,"Hispanic",9,"(41.56266102000046, -72.64984095199964)","Race"
"34",2014,"CT","Connecticut","Adults aged 18+ who have visited a dentist or dental clinic in the past year","Yes",70.8,"Other",9,"(41.56266102000046, -72.64984095199964)","Race"
"35",2014,"CT","Connecticut","Adults aged 18+ who have visited a dentist or dental clinic in the past year","Yes",58.8,"MultiRacial",9,"(41.56266102000046, -72.64984095199964)","Race"
"36",2014,"DE","Delaware","Adults aged 18+ who have visited a dentist or dental clinic in the past year","Yes",70.3,"White",10,"(39.008830667000495, -75.57774116799965)","Race"
"37",2014,"DE","Delaware","Adults aged 18+ who have visited a dentist or dental clinic in the past year","Yes",63.7,"Black",10,"(39.008830667000495, -75.57774116799965)","Race"
"38",2014,"DE","Delaware","Adults aged 18+ who have visited a dentist or dental clinic in the past year","Yes",42.3,"Hispanic",10,"(39.008830667000495, -75.57774116799965)","Race"
"39",2014,"DE","Delaware","Adults aged 18+ who have visited a dentist or dental clinic in the past year","Yes",64.7,"Other",10,"(39.008830667000495, -75.57774116799965)","Race"
"40",2014,"DE","Delaware","Adults aged 18+ who have visited a dentist or dental clinic in the past year","Yes",71.4,"MultiRacial",10,"(39.008830667000495, -75.57774116799965)","Race"
"41",2014,"DC","District Columbia","Adults aged 18+ who have visited a dentist or dental clinic in the past year","Yes",80.3,"White",11,"(38.89037138500049, -77.03196112699965)","Race"
"42",2014,"DC","District Columbia","Adults aged 18+ who have visited a dentist or dental clinic in the past year","Yes",64.2,"Black",11,"(38.89037138500049, -77.03196112699965)","Race"
"43",2014,"DC","District Columbia","Adults aged 18+ who have visited a dentist or dental clinic in the past year","Yes",61.6,"Hispanic",11,"(38.89037138500049, -77.03196112699965)","Race"
"44",2014,"DC","District Columbia","Adults aged 18+ who have visited a dentist or dental clinic in the past year","Yes",74.2,"Other",11,"(38.89037138500049, -77.03196112699965)","Race"
"45",2014,"DC","District Columbia","Adults aged 18+ who have visited a dentist or dental clinic in the past year","Yes",65.5,"MultiRacial",11,"(38.89037138500049, -77.03196112699965)","Race"
"46",2014,"FL","Florida","Adults aged 18+ who have visited a dentist or dental clinic in the past year","Yes",65.7,"White",12,"(28.932040377000476, -81.92896053899966)","Race"
"47",2014,"FL","Florida","Adults aged 18+ who have visited a dentist or dental clinic in the past year","Yes",56,"Black",12,"(28.932040377000476, -81.92896053899966)","Race"
"48",2014,"FL","Florida","Adults aged 18+ who have visited a dentist or dental clinic in the past year","Yes",55.8,"Hispanic",12,"(28.932040377000476, -81.92896053899966)","Race"
"49",2014,"FL","Florida","Adults aged 18+ who have visited a dentist or dental clinic in the past year","Yes",63.7,"Other",12,"(28.932040377000476, -81.92896053899966)","Race"
"50",2014,"FL","Florida","Adults aged 18+ who have visited a dentist or dental clinic in the past year","Yes",59.5,"MultiRacial",12,"(28.932040377000476, -81.92896053899966)","Race"
"51",2014,"GA","Georgia","Adults aged 18+ who have visited a dentist or dental clinic in the past year","Yes",66.1,"White",13,"(32.83968109300048, -83.62758034599966)","Race"
"52",2014,"GA","Georgia","Adults aged 18+ who have visited a dentist or dental clinic in the past year","Yes",52.8,"Black",13,"(32.83968109300048, -83.62758034599966)","Race"
"53",2014,"GA","Georgia","Adults aged 18+ who have visited a dentist or dental clinic in the past year","Yes",46.2,"Hispanic",13,"(32.83968109300048, -83.62758034599966)","Race"
"54",2014,"GA","Georgia","Adults aged 18+ who have visited a dentist or dental clinic in the past year","Yes",63.4,"Other",13,"(32.83968109300048, -83.62758034599966)","Race"
"55",2014,"GA","Georgia","Adults aged 18+ who have visited a dentist or dental clinic in the past year","Yes",70.3,"MultiRacial",13,"(32.83968109300048, -83.62758034599966)","Race"
"56",2014,"HI","Hawaii","Adults aged 18+ who have visited a dentist or dental clinic in the past year","Yes",72.9,"White",15,"(21.304850435000446, -157.85774940299973)","Race"
"57",2014,"HI","Hawaii","Adults aged 18+ who have visited a dentist or dental clinic in the past year","Yes",51.3,"Black",15,"(21.304850435000446, -157.85774940299973)","Race"
"58",2014,"HI","Hawaii","Adults aged 18+ who have visited a dentist or dental clinic in the past year","Yes",69.5,"Hispanic",15,"(21.304850435000446, -157.85774940299973)","Race"
"59",2014,"HI","Hawaii","Adults aged 18+ who have visited a dentist or dental clinic in the past year","Yes",76,"Other",15,"(21.304850435000446, -157.85774940299973)","Race"
"60",2014,"HI","Hawaii","Adults aged 18+ who have visited a dentist or dental clinic in the past year","Yes",64.9,"MultiRacial",15,"(21.304850435000446, -157.85774940299973)","Race"
"61",2014,"ID","Idaho","Adults aged 18+ who have visited a dentist or dental clinic in the past year","Yes",66,"White",16,"(43.682630005000476, -114.3637300419997)","Race"
"62",2014,"ID","Idaho","Adults aged 18+ who have visited a dentist or dental clinic in the past year","Yes",NA,"Black",16,"(43.682630005000476, -114.3637300419997)","Race"
"63",2014,"ID","Idaho","Adults aged 18+ who have visited a dentist or dental clinic in the past year","Yes",53.2,"Hispanic",16,"(43.682630005000476, -114.3637300419997)","Race"
"64",2014,"ID","Idaho","Adults aged 18+ who have visited a dentist or dental clinic in the past year","Yes",58.6,"Other",16,"(43.682630005000476, -114.3637300419997)","Race"
"65",2014,"ID","Idaho","Adults aged 18+ who have visited a dentist or dental clinic in the past year","Yes",68.3,"MultiRacial",16,"(43.682630005000476, -114.3637300419997)","Race"
"66",2014,"IL","Illinois","Adults aged 18+ who have visited a dentist or dental clinic in the past year","Yes",69.1,"White",17,"(40.48501028300046, -88.99771017799969)","Race"
"67",2014,"IL","Illinois","Adults aged 18+ who have visited a dentist or dental clinic in the past year","Yes",58.3,"Black",17,"(40.48501028300046, -88.99771017799969)","Race"
"68",2014,"IL","Illinois","Adults aged 18+ who have visited a dentist or dental clinic in the past year","Yes",48.1,"Hispanic",17,"(40.48501028300046, -88.99771017799969)","Race"
"69",2014,"IL","Illinois","Adults aged 18+ who have visited a dentist or dental clinic in the past year","Yes",62.6,"Other",17,"(40.48501028300046, -88.99771017799969)","Race"
"70",2014,"IL","Illinois","Adults aged 18+ who have visited a dentist or dental clinic in the past year","Yes",67.3,"MultiRacial",17,"(40.48501028300046, -88.99771017799969)","Race"
"71",2014,"IN","Indiana","Adults aged 18+ who have visited a dentist or dental clinic in the past year","Yes",63.4,"White",18,"(39.766910452000445, -86.14996019399968)","Race"
"72",2014,"IN","Indiana","Adults aged 18+ who have visited a dentist or dental clinic in the past year","Yes",55.1,"Black",18,"(39.766910452000445, -86.14996019399968)","Race"
"73",2014,"IN","Indiana","Adults aged 18+ who have visited a dentist or dental clinic in the past year","Yes",47.3,"Hispanic",18,"(39.766910452000445, -86.14996019399968)","Race"
"74",2014,"IN","Indiana","Adults aged 18+ who have visited a dentist or dental clinic in the past year","Yes",57.2,"Other",18,"(39.766910452000445, -86.14996019399968)","Race"
"75",2014,"IN","Indiana","Adults aged 18+ who have visited a dentist or dental clinic in the past year","Yes",58.3,"MultiRacial",18,"(39.766910452000445, -86.14996019399968)","Race"
"76",2014,"IA","Iowa","Adults aged 18+ who have visited a dentist or dental clinic in the past year","Yes",70.7,"White",19,"(42.46940091300047, -93.81649055599968)","Race"
"77",2014,"IA","Iowa","Adults aged 18+ who have visited a dentist or dental clinic in the past year","Yes",58.3,"Black",19,"(42.46940091300047, -93.81649055599968)","Race"
"78",2014,"IA","Iowa","Adults aged 18+ who have visited a dentist or dental clinic in the past year","Yes",60.9,"Hispanic",19,"(42.46940091300047, -93.81649055599968)","Race"
"79",2014,"IA","Iowa","Adults aged 18+ who have visited a dentist or dental clinic in the past year","Yes",56.2,"Other",19,"(42.46940091300047, -93.81649055599968)","Race"
"80",2014,"IA","Iowa","Adults aged 18+ who have visited a dentist or dental clinic in the past year","Yes",62.8,"MultiRacial",19,"(42.46940091300047, -93.81649055599968)","Race"
"81",2014,"KS","Kansas","Adults aged 18+ who have visited a dentist or dental clinic in the past year","Yes",69.8,"White",20,"(38.34774030000045, -98.20078122699965)","Race"
"82",2014,"KS","Kansas","Adults aged 18+ who have visited a dentist or dental clinic in the past year","Yes",58.4,"Black",20,"(38.34774030000045, -98.20078122699965)","Race"
"83",2014,"KS","Kansas","Adults aged 18+ who have visited a dentist or dental clinic in the past year","Yes",54.7,"Hispanic",20,"(38.34774030000045, -98.20078122699965)","Race"
"84",2014,"KS","Kansas","Adults aged 18+ who have visited a dentist or dental clinic in the past year","Yes",62.3,"Other",20,"(38.34774030000045, -98.20078122699965)","Race"
"85",2014,"KS","Kansas","Adults aged 18+ who have visited a dentist or dental clinic in the past year","Yes",50.8,"MultiRacial",20,"(38.34774030000045, -98.20078122699965)","Race"
"86",2014,"KY","Kentucky","Adults aged 18+ who have visited a dentist or dental clinic in the past year","Yes",61.6,"White",21,"(37.645970271000465, -84.77497104799966)","Race"
"87",2014,"KY","Kentucky","Adults aged 18+ who have visited a dentist or dental clinic in the past year","Yes",55.1,"Black",21,"(37.645970271000465, -84.77497104799966)","Race"
"88",2014,"KY","Kentucky","Adults aged 18+ who have visited a dentist or dental clinic in the past year","Yes",65.3,"Hispanic",21,"(37.645970271000465, -84.77497104799966)","Race"
"89",2014,"KY","Kentucky","Adults aged 18+ who have visited a dentist or dental clinic in the past year","Yes",53.9,"Other",21,"(37.645970271000465, -84.77497104799966)","Race"
"90",2014,"KY","Kentucky","Adults aged 18+ who have visited a dentist or dental clinic in the past year","Yes",43,"MultiRacial",21,"(37.645970271000465, -84.77497104799966)","Race"
"91",2014,"LA","Louisiana","Adults aged 18+ who have visited a dentist or dental clinic in the past year","Yes",62.4,"White",22,"(31.31266064400046, -92.44568007099969)","Race"
"92",2014,"LA","Louisiana","Adults aged 18+ who have visited a dentist or dental clinic in the past year","Yes",49.4,"Black",22,"(31.31266064400046, -92.44568007099969)","Race"
"93",2014,"LA","Louisiana","Adults aged 18+ who have visited a dentist or dental clinic in the past year","Yes",63.2,"Hispanic",22,"(31.31266064400046, -92.44568007099969)","Race"
"94",2014,"LA","Louisiana","Adults aged 18+ who have visited a dentist or dental clinic in the past year","Yes",60,"Other",22,"(31.31266064400046, -92.44568007099969)","Race"
"95",2014,"LA","Louisiana","Adults aged 18+ who have visited a dentist or dental clinic in the past year","Yes",60.7,"MultiRacial",22,"(31.31266064400046, -92.44568007099969)","Race"
"96",2014,"ME","Maine","Adults aged 18+ who have visited a dentist or dental clinic in the past year","Yes",64.8,"White",23,"(45.254228894000505, -68.98503133599962)","Race"
"97",2014,"ME","Maine","Adults aged 18+ who have visited a dentist or dental clinic in the past year","Yes",NA,"Black",23,"(45.254228894000505, -68.98503133599962)","Race"
"98",2014,"ME","Maine","Adults aged 18+ who have visited a dentist or dental clinic in the past year","Yes",48,"Hispanic",23,"(45.254228894000505, -68.98503133599962)","Race"
"99",2014,"ME","Maine","Adults aged 18+ who have visited a dentist or dental clinic in the past year","Yes",51.9,"Other",23,"(45.254228894000505, -68.98503133599962)","Race"
"100",2014,"ME","Maine","Adults aged 18+ who have visited a dentist or dental clinic in the past year","Yes",41.6,"MultiRacial",23,"(45.254228894000505, -68.98503133599962)","Race"
"101",2014,"MD","Maryland","Adults aged 18+ who have visited a dentist or dental clinic in the past year","Yes",74.7,"White",24,"(39.29058096400047, -76.60926011099963)","Race"
"102",2014,"MD","Maryland","Adults aged 18+ who have visited a dentist or dental clinic in the past year","Yes",64.7,"Black",24,"(39.29058096400047, -76.60926011099963)","Race"
"103",2014,"MD","Maryland","Adults aged 18+ who have visited a dentist or dental clinic in the past year","Yes",59.1,"Hispanic",24,"(39.29058096400047, -76.60926011099963)","Race"
"104",2014,"MD","Maryland","Adults aged 18+ who have visited a dentist or dental clinic in the past year","Yes",70.1,"Other",24,"(39.29058096400047, -76.60926011099963)","Race"
"105",2014,"MD","Maryland","Adults aged 18+ who have visited a dentist or dental clinic in the past year","Yes",68.3,"MultiRacial",24,"(39.29058096400047, -76.60926011099963)","Race"
"106",2014,"MA","Massachusetts","Adults aged 18+ who have visited a dentist or dental clinic in the past year","Yes",76.6,"White",25,"(42.27687047000046, -72.08269067499964)","Race"
"107",2014,"MA","Massachusetts","Adults aged 18+ who have visited a dentist or dental clinic in the past year","Yes",65.6,"Black",25,"(42.27687047000046, -72.08269067499964)","Race"
"108",2014,"MA","Massachusetts","Adults aged 18+ who have visited a dentist or dental clinic in the past year","Yes",67.9,"Hispanic",25,"(42.27687047000046, -72.08269067499964)","Race"
"109",2014,"MA","Massachusetts","Adults aged 18+ who have visited a dentist or dental clinic in the past year","Yes",73.7,"Other",25,"(42.27687047000046, -72.08269067499964)","Race"
"110",2014,"MA","Massachusetts","Adults aged 18+ who have visited a dentist or dental clinic in the past year","Yes",64.1,"MultiRacial",25,"(42.27687047000046, -72.08269067499964)","Race"
"111",2014,"MI","Michigan","Adults aged 18+ who have visited a dentist or dental clinic in the past year","Yes",71.4,"White",26,"(44.6613195430005, -84.71439026999968)","Race"
"112",2014,"MI","Michigan","Adults aged 18+ who have visited a dentist or dental clinic in the past year","Yes",54.9,"Black",26,"(44.6613195430005, -84.71439026999968)","Race"
"113",2014,"MI","Michigan","Adults aged 18+ who have visited a dentist or dental clinic in the past year","Yes",63.2,"Hispanic",26,"(44.6613195430005, -84.71439026999968)","Race"
"114",2014,"MI","Michigan","Adults aged 18+ who have visited a dentist or dental clinic in the past year","Yes",69.3,"Other",26,"(44.6613195430005, -84.71439026999968)","Race"
"115",2014,"MI","Michigan","Adults aged 18+ who have visited a dentist or dental clinic in the past year","Yes",61,"MultiRacial",26,"(44.6613195430005, -84.71439026999968)","Race"
"116",2014,"MN","Minnesota","Adults aged 18+ who have visited a dentist or dental clinic in the past year","Yes",74.8,"White",27,"(46.35564873600049, -94.79420050299967)","Race"
"117",2014,"MN","Minnesota","Adults aged 18+ who have visited a dentist or dental clinic in the past year","Yes",62.5,"Black",27,"(46.35564873600049, -94.79420050299967)","Race"
"118",2014,"MN","Minnesota","Adults aged 18+ who have visited a dentist or dental clinic in the past year","Yes",53.3,"Hispanic",27,"(46.35564873600049, -94.79420050299967)","Race"
"119",2014,"MN","Minnesota","Adults aged 18+ who have visited a dentist or dental clinic in the past year","Yes",63.9,"Other",27,"(46.35564873600049, -94.79420050299967)","Race"
"120",2014,"MN","Minnesota","Adults aged 18+ who have visited a dentist or dental clinic in the past year","Yes",66.5,"MultiRacial",27,"(46.35564873600049, -94.79420050299967)","Race"
"121",2014,"MS","Mississippi","Adults aged 18+ who have visited a dentist or dental clinic in the past year","Yes",60.5,"White",28,"(32.745510099000455, -89.53803082499968)","Race"
"122",2014,"MS","Mississippi","Adults aged 18+ who have visited a dentist or dental clinic in the past year","Yes",49.2,"Black",28,"(32.745510099000455, -89.53803082499968)","Race"
"123",2014,"MS","Mississippi","Adults aged 18+ who have visited a dentist or dental clinic in the past year","Yes",NA,"Hispanic",28,"(32.745510099000455, -89.53803082499968)","Race"
"124",2014,"MS","Mississippi","Adults aged 18+ who have visited a dentist or dental clinic in the past year","Yes",57.7,"Other",28,"(32.745510099000455, -89.53803082499968)","Race"
"125",2014,"MS","Mississippi","Adults aged 18+ who have visited a dentist or dental clinic in the past year","Yes",NA,"MultiRacial",28,"(32.745510099000455, -89.53803082499968)","Race"
"126",2014,"MO","Missouri","Adults aged 18+ who have visited a dentist or dental clinic in the past year","Yes",59.8,"White",29,"(38.635790776000476, -92.56630005299968)","Race"
"127",2014,"MO","Missouri","Adults aged 18+ who have visited a dentist or dental clinic in the past year","Yes",54.4,"Black",29,"(38.635790776000476, -92.56630005299968)","Race"
"128",2014,"MO","Missouri","Adults aged 18+ who have visited a dentist or dental clinic in the past year","Yes",52.9,"Hispanic",29,"(38.635790776000476, -92.56630005299968)","Race"
"129",2014,"MO","Missouri","Adults aged 18+ who have visited a dentist or dental clinic in the past year","Yes",59.6,"Other",29,"(38.635790776000476, -92.56630005299968)","Race"
"130",2014,"MO","Missouri","Adults aged 18+ who have visited a dentist or dental clinic in the past year","Yes",38.6,"MultiRacial",29,"(38.635790776000476, -92.56630005299968)","Race"
"131",2014,"MT","Montana","Adults aged 18+ who have visited a dentist or dental clinic in the past year","Yes",63.9,"White",30,"(47.06652897200047, -109.42442064499971)","Race"
"132",2014,"MT","Montana","Adults aged 18+ who have visited a dentist or dental clinic in the past year","Yes",NA,"Black",30,"(47.06652897200047, -109.42442064499971)","Race"
"133",2014,"MT","Montana","Adults aged 18+ who have visited a dentist or dental clinic in the past year","Yes",50.1,"Hispanic",30,"(47.06652897200047, -109.42442064499971)","Race"
"134",2014,"MT","Montana","Adults aged 18+ who have visited a dentist or dental clinic in the past year","Yes",56.2,"Other",30,"(47.06652897200047, -109.42442064499971)","Race"
"135",2014,"MT","Montana","Adults aged 18+ who have visited a dentist or dental clinic in the past year","Yes",37.1,"MultiRacial",30,"(47.06652897200047, -109.42442064499971)","Race"
"136",2014,"NE","Nebraska","Adults aged 18+ who have visited a dentist or dental clinic in the past year","Yes",69.4,"White",31,"(41.6410409880005, -99.36572062299967)","Race"
"137",2014,"NE","Nebraska","Adults aged 18+ who have visited a dentist or dental clinic in the past year","Yes",53.6,"Black",31,"(41.6410409880005, -99.36572062299967)","Race"
"138",2014,"NE","Nebraska","Adults aged 18+ who have visited a dentist or dental clinic in the past year","Yes",46.8,"Hispanic",31,"(41.6410409880005, -99.36572062299967)","Race"
"139",2014,"NE","Nebraska","Adults aged 18+ who have visited a dentist or dental clinic in the past year","Yes",57.2,"Other",31,"(41.6410409880005, -99.36572062299967)","Race"
"140",2014,"NE","Nebraska","Adults aged 18+ who have visited a dentist or dental clinic in the past year","Yes",60,"MultiRacial",31,"(41.6410409880005, -99.36572062299967)","Race"
"141",2014,"NV","Nevada","Adults aged 18+ who have visited a dentist or dental clinic in the past year","Yes",63.4,"White",32,"(39.493240390000494, -117.07184056399967)","Race"
"142",2014,"NV","Nevada","Adults aged 18+ who have visited a dentist or dental clinic in the past year","Yes",49.9,"Black",32,"(39.493240390000494, -117.07184056399967)","Race"
"143",2014,"NV","Nevada","Adults aged 18+ who have visited a dentist or dental clinic in the past year","Yes",50.7,"Hispanic",32,"(39.493240390000494, -117.07184056399967)","Race"
"144",2014,"NV","Nevada","Adults aged 18+ who have visited a dentist or dental clinic in the past year","Yes",68.9,"Other",32,"(39.493240390000494, -117.07184056399967)","Race"
"145",2014,"NV","Nevada","Adults aged 18+ who have visited a dentist or dental clinic in the past year","Yes",60.5,"MultiRacial",32,"(39.493240390000494, -117.07184056399967)","Race"
"146",2014,"NH","New Hampshire","Adults aged 18+ who have visited a dentist or dental clinic in the past year","Yes",69.6,"White",33,"(43.65595011300047, -71.50036091999965)","Race"
"147",2014,"NH","New Hampshire","Adults aged 18+ who have visited a dentist or dental clinic in the past year","Yes",NA,"Black",33,"(43.65595011300047, -71.50036091999965)","Race"
"148",2014,"NH","New Hampshire","Adults aged 18+ who have visited a dentist or dental clinic in the past year","Yes",73.9,"Hispanic",33,"(43.65595011300047, -71.50036091999965)","Race"
"149",2014,"NH","New Hampshire","Adults aged 18+ who have visited a dentist or dental clinic in the past year","Yes",68.5,"Other",33,"(43.65595011300047, -71.50036091999965)","Race"
"150",2014,"NH","New Hampshire","Adults aged 18+ who have visited a dentist or dental clinic in the past year","Yes",70.7,"MultiRacial",33,"(43.65595011300047, -71.50036091999965)","Race"
"151",2014,"NJ","New Jersey","Adults aged 18+ who have visited a dentist or dental clinic in the past year","Yes",76.8,"White",34,"(40.13057004800049, -74.27369128799967)","Race"
"152",2014,"NJ","New Jersey","Adults aged 18+ who have visited a dentist or dental clinic in the past year","Yes",60.3,"Black",34,"(40.13057004800049, -74.27369128799967)","Race"
"153",2014,"NJ","New Jersey","Adults aged 18+ who have visited a dentist or dental clinic in the past year","Yes",58.3,"Hispanic",34,"(40.13057004800049, -74.27369128799967)","Race"
"154",2014,"NJ","New Jersey","Adults aged 18+ who have visited a dentist or dental clinic in the past year","Yes",65,"Other",34,"(40.13057004800049, -74.27369128799967)","Race"
"155",2014,"NJ","New Jersey","Adults aged 18+ who have visited a dentist or dental clinic in the past year","Yes",66.4,"MultiRacial",34,"(40.13057004800049, -74.27369128799967)","Race"
"156",2014,"NM","New Mexico","Adults aged 18+ who have visited a dentist or dental clinic in the past year","Yes",67.3,"White",35,"(34.52088095200048, -106.24058098499967)","Race"
"157",2014,"NM","New Mexico","Adults aged 18+ who have visited a dentist or dental clinic in the past year","Yes",56.4,"Black",35,"(34.52088095200048, -106.24058098499967)","Race"
"158",2014,"NM","New Mexico","Adults aged 18+ who have visited a dentist or dental clinic in the past year","Yes",55.8,"Hispanic",35,"(34.52088095200048, -106.24058098499967)","Race"
"159",2014,"NM","New Mexico","Adults aged 18+ who have visited a dentist or dental clinic in the past year","Yes",62.7,"Other",35,"(34.52088095200048, -106.24058098499967)","Race"
"160",2014,"NM","New Mexico","Adults aged 18+ who have visited a dentist or dental clinic in the past year","Yes",49.9,"MultiRacial",35,"(34.52088095200048, -106.24058098499967)","Race"
"161",2014,"NY","New York","Adults aged 18+ who have visited a dentist or dental clinic in the past year","Yes",72.1,"White",36,"(42.82700103200045, -75.54397042699964)","Race"
"162",2014,"NY","New York","Adults aged 18+ who have visited a dentist or dental clinic in the past year","Yes",59.2,"Black",36,"(42.82700103200045, -75.54397042699964)","Race"
"163",2014,"NY","New York","Adults aged 18+ who have visited a dentist or dental clinic in the past year","Yes",63.2,"Hispanic",36,"(42.82700103200045, -75.54397042699964)","Race"
"164",2014,"NY","New York","Adults aged 18+ who have visited a dentist or dental clinic in the past year","Yes",60.5,"Other",36,"(42.82700103200045, -75.54397042699964)","Race"
"165",2014,"NY","New York","Adults aged 18+ who have visited a dentist or dental clinic in the past year","Yes",52.6,"MultiRacial",36,"(42.82700103200045, -75.54397042699964)","Race"
"166",2014,"NC","North Carolina","Adults aged 18+ who have visited a dentist or dental clinic in the past year","Yes",69.3,"White",37,"(35.466220975000454, -79.15925046299964)","Race"
"167",2014,"NC","North Carolina","Adults aged 18+ who have visited a dentist or dental clinic in the past year","Yes",55.2,"Black",37,"(35.466220975000454, -79.15925046299964)","Race"
"168",2014,"NC","North Carolina","Adults aged 18+ who have visited a dentist or dental clinic in the past year","Yes",43,"Hispanic",37,"(35.466220975000454, -79.15925046299964)","Race"
"169",2014,"NC","North Carolina","Adults aged 18+ who have visited a dentist or dental clinic in the past year","Yes",63.8,"Other",37,"(35.466220975000454, -79.15925046299964)","Race"
"170",2014,"NC","North Carolina","Adults aged 18+ who have visited a dentist or dental clinic in the past year","Yes",60.7,"MultiRacial",37,"(35.466220975000454, -79.15925046299964)","Race"
"171",2014,"ND","North Dakota","Adults aged 18+ who have visited a dentist or dental clinic in the past year","Yes",67.6,"White",38,"(47.47531977900047, -100.11842104899966)","Race"
"172",2014,"ND","North Dakota","Adults aged 18+ who have visited a dentist or dental clinic in the past year","Yes",NA,"Black",38,"(47.47531977900047, -100.11842104899966)","Race"
"173",2014,"ND","North Dakota","Adults aged 18+ who have visited a dentist or dental clinic in the past year","Yes",44.8,"Hispanic",38,"(47.47531977900047, -100.11842104899966)","Race"
"174",2014,"ND","North Dakota","Adults aged 18+ who have visited a dentist or dental clinic in the past year","Yes",48.6,"Other",38,"(47.47531977900047, -100.11842104899966)","Race"
"175",2014,"ND","North Dakota","Adults aged 18+ who have visited a dentist or dental clinic in the past year","Yes",67.6,"MultiRacial",38,"(47.47531977900047, -100.11842104899966)","Race"
"176",2014,"OH","Ohio","Adults aged 18+ who have visited a dentist or dental clinic in the past year","Yes",66.6,"White",39,"(40.06021014100048, -82.40426005599966)","Race"
"177",2014,"OH","Ohio","Adults aged 18+ who have visited a dentist or dental clinic in the past year","Yes",60.4,"Black",39,"(40.06021014100048, -82.40426005599966)","Race"
"178",2014,"OH","Ohio","Adults aged 18+ who have visited a dentist or dental clinic in the past year","Yes",68.5,"Hispanic",39,"(40.06021014100048, -82.40426005599966)","Race"
"179",2014,"OH","Ohio","Adults aged 18+ who have visited a dentist or dental clinic in the past year","Yes",58.7,"Other",39,"(40.06021014100048, -82.40426005599966)","Race"
"180",2014,"OH","Ohio","Adults aged 18+ who have visited a dentist or dental clinic in the past year","Yes",55.2,"MultiRacial",39,"(40.06021014100048, -82.40426005599966)","Race"
"181",2014,"OK","Oklahoma","Adults aged 18+ who have visited a dentist or dental clinic in the past year","Yes",58.6,"White",40,"(35.47203135600046, -97.52107021399968)","Race"
"182",2014,"OK","Oklahoma","Adults aged 18+ who have visited a dentist or dental clinic in the past year","Yes",54.6,"Black",40,"(35.47203135600046, -97.52107021399968)","Race"
"183",2014,"OK","Oklahoma","Adults aged 18+ who have visited a dentist or dental clinic in the past year","Yes",45.3,"Hispanic",40,"(35.47203135600046, -97.52107021399968)","Race"
"184",2014,"OK","Oklahoma","Adults aged 18+ who have visited a dentist or dental clinic in the past year","Yes",55.5,"Other",40,"(35.47203135600046, -97.52107021399968)","Race"
"185",2014,"OK","Oklahoma","Adults aged 18+ who have visited a dentist or dental clinic in the past year","Yes",54.8,"MultiRacial",40,"(35.47203135600046, -97.52107021399968)","Race"
"186",2014,"OR","Oregon","Adults aged 18+ who have visited a dentist or dental clinic in the past year","Yes",66.7,"White",41,"(44.56744942400047, -120.15503132599969)","Race"
"187",2014,"OR","Oregon","Adults aged 18+ who have visited a dentist or dental clinic in the past year","Yes",NA,"Black",41,"(44.56744942400047, -120.15503132599969)","Race"
"188",2014,"OR","Oregon","Adults aged 18+ who have visited a dentist or dental clinic in the past year","Yes",56.9,"Hispanic",41,"(44.56744942400047, -120.15503132599969)","Race"
"189",2014,"OR","Oregon","Adults aged 18+ who have visited a dentist or dental clinic in the past year","Yes",64,"Other",41,"(44.56744942400047, -120.15503132599969)","Race"
"190",2014,"OR","Oregon","Adults aged 18+ who have visited a dentist or dental clinic in the past year","Yes",67,"MultiRacial",41,"(44.56744942400047, -120.15503132599969)","Race"
"191",2014,"PA","Pennsylvania","Adults aged 18+ who have visited a dentist or dental clinic in the past year","Yes",69.3,"White",42,"(40.79373015200048, -77.86070029399963)","Race"
"192",2014,"PA","Pennsylvania","Adults aged 18+ who have visited a dentist or dental clinic in the past year","Yes",54.3,"Black",42,"(40.79373015200048, -77.86070029399963)","Race"
"193",2014,"PA","Pennsylvania","Adults aged 18+ who have visited a dentist or dental clinic in the past year","Yes",55.2,"Hispanic",42,"(40.79373015200048, -77.86070029399963)","Race"
"194",2014,"PA","Pennsylvania","Adults aged 18+ who have visited a dentist or dental clinic in the past year","Yes",68.3,"Other",42,"(40.79373015200048, -77.86070029399963)","Race"
"195",2014,"PA","Pennsylvania","Adults aged 18+ who have visited a dentist or dental clinic in the past year","Yes",58.3,"MultiRacial",42,"(40.79373015200048, -77.86070029399963)","Race"
"196",2014,"RI","Rhode Island","Adults aged 18+ who have visited a dentist or dental clinic in the past year","Yes",75.7,"White",44,"(41.70828019300046, -71.52247031399963)","Race"
"197",2014,"RI","Rhode Island","Adults aged 18+ who have visited a dentist or dental clinic in the past year","Yes",49.9,"Black",44,"(41.70828019300046, -71.52247031399963)","Race"
"198",2014,"RI","Rhode Island","Adults aged 18+ who have visited a dentist or dental clinic in the past year","Yes",63.4,"Hispanic",44,"(41.70828019300046, -71.52247031399963)","Race"
"199",2014,"RI","Rhode Island","Adults aged 18+ who have visited a dentist or dental clinic in the past year","Yes",60.3,"Other",44,"(41.70828019300046, -71.52247031399963)","Race"
"200",2014,"RI","Rhode Island","Adults aged 18+ who have visited a dentist or dental clinic in the past year","Yes",58.3,"MultiRacial",44,"(41.70828019300046, -71.52247031399963)","Race"
"201",2014,"SC","South Carolina","Adults aged 18+ who have visited a dentist or dental clinic in the past year","Yes",62.9,"White",45,"(33.998821303000454, -81.04537120699968)","Race"
"202",2014,"SC","South Carolina","Adults aged 18+ who have visited a dentist or dental clinic in the past year","Yes",49.4,"Black",45,"(33.998821303000454, -81.04537120699968)","Race"
"203",2014,"SC","South Carolina","Adults aged 18+ who have visited a dentist or dental clinic in the past year","Yes",47.5,"Hispanic",45,"(33.998821303000454, -81.04537120699968)","Race"
"204",2014,"SC","South Carolina","Adults aged 18+ who have visited a dentist or dental clinic in the past year","Yes",58.8,"Other",45,"(33.998821303000454, -81.04537120699968)","Race"
"205",2014,"SC","South Carolina","Adults aged 18+ who have visited a dentist or dental clinic in the past year","Yes",54.5,"MultiRacial",45,"(33.998821303000454, -81.04537120699968)","Race"
"206",2014,"SD","South Dakota","Adults aged 18+ who have visited a dentist or dental clinic in the past year","Yes",72,"White",46,"(44.353130053000484, -100.3735306369997)","Race"
"207",2014,"SD","South Dakota","Adults aged 18+ who have visited a dentist or dental clinic in the past year","Yes",NA,"Black",46,"(44.353130053000484, -100.3735306369997)","Race"
"208",2014,"SD","South Dakota","Adults aged 18+ who have visited a dentist or dental clinic in the past year","Yes",57.9,"Hispanic",46,"(44.353130053000484, -100.3735306369997)","Race"
"209",2014,"SD","South Dakota","Adults aged 18+ who have visited a dentist or dental clinic in the past year","Yes",64.5,"Other",46,"(44.353130053000484, -100.3735306369997)","Race"
"210",2014,"SD","South Dakota","Adults aged 18+ who have visited a dentist or dental clinic in the past year","Yes",50.5,"MultiRacial",46,"(44.353130053000484, -100.3735306369997)","Race"
"211",2014,"TN","Tennessee","Adults aged 18+ who have visited a dentist or dental clinic in the past year","Yes",58.8,"White",47,"(35.68094058000048, -85.77449091399967)","Race"
"212",2014,"TN","Tennessee","Adults aged 18+ who have visited a dentist or dental clinic in the past year","Yes",57.1,"Black",47,"(35.68094058000048, -85.77449091399967)","Race"
"213",2014,"TN","Tennessee","Adults aged 18+ who have visited a dentist or dental clinic in the past year","Yes",46.9,"Hispanic",47,"(35.68094058000048, -85.77449091399967)","Race"
"214",2014,"TN","Tennessee","Adults aged 18+ who have visited a dentist or dental clinic in the past year","Yes",61.5,"Other",47,"(35.68094058000048, -85.77449091399967)","Race"
"215",2014,"TN","Tennessee","Adults aged 18+ who have visited a dentist or dental clinic in the past year","Yes",NA,"MultiRacial",47,"(35.68094058000048, -85.77449091399967)","Race"
"216",2014,"TX","Texas","Adults aged 18+ who have visited a dentist or dental clinic in the past year","Yes",65.5,"White",48,"(31.827240407000488, -99.42677020599967)","Race"
"217",2014,"TX","Texas","Adults aged 18+ who have visited a dentist or dental clinic in the past year","Yes",56.4,"Black",48,"(31.827240407000488, -99.42677020599967)","Race"
"218",2014,"TX","Texas","Adults aged 18+ who have visited a dentist or dental clinic in the past year","Yes",49.2,"Hispanic",48,"(31.827240407000488, -99.42677020599967)","Race"
"219",2014,"TX","Texas","Adults aged 18+ who have visited a dentist or dental clinic in the past year","Yes",62.8,"Other",48,"(31.827240407000488, -99.42677020599967)","Race"
"220",2014,"TX","Texas","Adults aged 18+ who have visited a dentist or dental clinic in the past year","Yes",53.8,"MultiRacial",48,"(31.827240407000488, -99.42677020599967)","Race"
"221",2014,"US","United States","Adults aged 18+ who have visited a dentist or dental clinic in the past year","Yes",68.4,"White",NA,NA,"Race"
"222",2014,"US","United States","Adults aged 18+ who have visited a dentist or dental clinic in the past year","Yes",56.5,"Black",NA,NA,"Race"
"223",2014,"US","United States","Adults aged 18+ who have visited a dentist or dental clinic in the past year","Yes",54.2,"Hispanic",NA,NA,"Race"
"224",2014,"US","United States","Adults aged 18+ who have visited a dentist or dental clinic in the past year","Yes",65.8,"Other",NA,NA,"Race"
"225",2014,"US","United States","Adults aged 18+ who have visited a dentist or dental clinic in the past year","Yes",59.2,"MultiRacial",NA,NA,"Race"
"226",2014,"UT","Utah","Adults aged 18+ who have visited a dentist or dental clinic in the past year","Yes",71.7,"White",49,"(39.360700171000474, -111.58713063499971)","Race"
"227",2014,"UT","Utah","Adults aged 18+ who have visited a dentist or dental clinic in the past year","Yes",50.9,"Black",49,"(39.360700171000474, -111.58713063499971)","Race"
"228",2014,"UT","Utah","Adults aged 18+ who have visited a dentist or dental clinic in the past year","Yes",54.5,"Hispanic",49,"(39.360700171000474, -111.58713063499971)","Race"
"229",2014,"UT","Utah","Adults aged 18+ who have visited a dentist or dental clinic in the past year","Yes",62.9,"Other",49,"(39.360700171000474, -111.58713063499971)","Race"
"230",2014,"UT","Utah","Adults aged 18+ who have visited a dentist or dental clinic in the past year","Yes",62.4,"MultiRacial",49,"(39.360700171000474, -111.58713063499971)","Race"
"231",2014,"VT","Vermont","Adults aged 18+ who have visited a dentist or dental clinic in the past year","Yes",73,"White",50,"(43.62538123900049, -72.51764079099962)","Race"
"232",2014,"VT","Vermont","Adults aged 18+ who have visited a dentist or dental clinic in the past year","Yes",NA,"Black",50,"(43.62538123900049, -72.51764079099962)","Race"
"233",2014,"VT","Vermont","Adults aged 18+ who have visited a dentist or dental clinic in the past year","Yes",NA,"Hispanic",50,"(43.62538123900049, -72.51764079099962)","Race"
"234",2014,"VT","Vermont","Adults aged 18+ who have visited a dentist or dental clinic in the past year","Yes",57.6,"Other",50,"(43.62538123900049, -72.51764079099962)","Race"
"235",2014,"VT","Vermont","Adults aged 18+ who have visited a dentist or dental clinic in the past year","Yes",54.4,"MultiRacial",50,"(43.62538123900049, -72.51764079099962)","Race"
"236",2014,"VA","Virginia","Adults aged 18+ who have visited a dentist or dental clinic in the past year","Yes",72.5,"White",51,"(37.54268067400045, -78.45789046299967)","Race"
"237",2014,"VA","Virginia","Adults aged 18+ who have visited a dentist or dental clinic in the past year","Yes",62.8,"Black",51,"(37.54268067400045, -78.45789046299967)","Race"
"238",2014,"VA","Virginia","Adults aged 18+ who have visited a dentist or dental clinic in the past year","Yes",61.8,"Hispanic",51,"(37.54268067400045, -78.45789046299967)","Race"
"239",2014,"VA","Virginia","Adults aged 18+ who have visited a dentist or dental clinic in the past year","Yes",65.3,"Other",51,"(37.54268067400045, -78.45789046299967)","Race"
"240",2014,"VA","Virginia","Adults aged 18+ who have visited a dentist or dental clinic in the past year","Yes",62.5,"MultiRacial",51,"(37.54268067400045, -78.45789046299967)","Race"
"241",2014,"WA","Washington","Adults aged 18+ who have visited a dentist or dental clinic in the past year","Yes",70.2,"White",53,"(47.52227862900048, -120.47001078999972)","Race"
"242",2014,"WA","Washington","Adults aged 18+ who have visited a dentist or dental clinic in the past year","Yes",61,"Black",53,"(47.52227862900048, -120.47001078999972)","Race"
"243",2014,"WA","Washington","Adults aged 18+ who have visited a dentist or dental clinic in the past year","Yes",50.9,"Hispanic",53,"(47.52227862900048, -120.47001078999972)","Race"
"244",2014,"WA","Washington","Adults aged 18+ who have visited a dentist or dental clinic in the past year","Yes",62.3,"Other",53,"(47.52227862900048, -120.47001078999972)","Race"
"245",2014,"WA","Washington","Adults aged 18+ who have visited a dentist or dental clinic in the past year","Yes",59,"MultiRacial",53,"(47.52227862900048, -120.47001078999972)","Race"
"246",2014,"WV","West Virginia","Adults aged 18+ who have visited a dentist or dental clinic in the past year","Yes",54.6,"White",54,"(38.66551020200046, -80.71264013499967)","Race"
"247",2014,"WV","West Virginia","Adults aged 18+ who have visited a dentist or dental clinic in the past year","Yes",46.1,"Black",54,"(38.66551020200046, -80.71264013499967)","Race"
"248",2014,"WV","West Virginia","Adults aged 18+ who have visited a dentist or dental clinic in the past year","Yes",62.4,"Hispanic",54,"(38.66551020200046, -80.71264013499967)","Race"
"249",2014,"WV","West Virginia","Adults aged 18+ who have visited a dentist or dental clinic in the past year","Yes",41.7,"Other",54,"(38.66551020200046, -80.71264013499967)","Race"
"250",2014,"WV","West Virginia","Adults aged 18+ who have visited a dentist or dental clinic in the past year","Yes",45.4,"MultiRacial",54,"(38.66551020200046, -80.71264013499967)","Race"
"251",2014,"WI","Wisconsin","Adults aged 18+ who have visited a dentist or dental clinic in the past year","Yes",73.1,"White",55,"(44.39319117400049, -89.81637074199966)","Race"
"252",2014,"WI","Wisconsin","Adults aged 18+ who have visited a dentist or dental clinic in the past year","Yes",55.2,"Black",55,"(44.39319117400049, -89.81637074199966)","Race"
"253",2014,"WI","Wisconsin","Adults aged 18+ who have visited a dentist or dental clinic in the past year","Yes",44.9,"Hispanic",55,"(44.39319117400049, -89.81637074199966)","Race"
"254",2014,"WI","Wisconsin","Adults aged 18+ who have visited a dentist or dental clinic in the past year","Yes",62.2,"Other",55,"(44.39319117400049, -89.81637074199966)","Race"
"255",2014,"WI","Wisconsin","Adults aged 18+ who have visited a dentist or dental clinic in the past year","Yes",46.9,"MultiRacial",55,"(44.39319117400049, -89.81637074199966)","Race"
"256",2014,"WY","Wyoming","Adults aged 18+ who have visited a dentist or dental clinic in the past year","Yes",65.7,"White",56,"(43.23554134300048, -108.10983035299967)","Race"
"257",2014,"WY","Wyoming","Adults aged 18+ who have visited a dentist or dental clinic in the past year","Yes",NA,"Black",56,"(43.23554134300048, -108.10983035299967)","Race"
"258",2014,"WY","Wyoming","Adults aged 18+ who have visited a dentist or dental clinic in the past year","Yes",57.7,"Hispanic",56,"(43.23554134300048, -108.10983035299967)","Race"
"259",2014,"WY","Wyoming","Adults aged 18+ who have visited a dentist or dental clinic in the past year","Yes",63.1,"Other",56,"(43.23554134300048, -108.10983035299967)","Race"
"260",2014,"WY","Wyoming","Adults aged 18+ who have visited a dentist or dental clinic in the past year","Yes",62,"MultiRacial",56,"(43.23554134300048, -108.10983035299967)","Race"
